
UsersController
  GET #edit
    ログインユーザーの場合
[31m      レスポンスが成功すること (FAILED - 1)[0m
[31m      @userが正しく設定されていること (FAILED - 2)[0m

Bookモデルのテスト
  バリデーションのテスト
    titleカラム
[31m      空欄でないこと (FAILED - 3)[0m
    bodyカラム
[31m      空欄でないこと (FAILED - 4)[0m
[31m      200文字以下であること: 200文字は〇 (FAILED - 5)[0m
[31m      200文字以下であること: 201文字は× (FAILED - 6)[0m
  アソシエーションのテスト
    Userモデルとの関係
[32m      N:1となっている[0m

Userモデルのテスト
  バリデーションのテスト
    nameカラム
[31m      空欄でないこと (FAILED - 7)[0m
[31m      2文字以上であること: 1文字は× (FAILED - 8)[0m
[31m      2文字以上であること: 2文字は〇 (FAILED - 9)[0m
[31m      20文字以下であること: 20文字は〇 (FAILED - 10)[0m
[31m      20文字以下であること: 21文字は× (FAILED - 11)[0m
[31m      一意性があること (FAILED - 12)[0m
    introductionカラム
[31m      50文字以下であること: 50文字は〇 (FAILED - 13)[0m
[31m      50文字以下であること: 51文字は× (FAILED - 14)[0m
  アソシエーションのテスト
    Bookモデルとの関係
[32m      1:Nとなっている[0m

[STEP1] ユーザログイン前のテスト
  トップ画面のテスト
    表示内容の確認
[32m      URLが正しい[0m
[32m      Log inリンクが表示される: 青色のボタンの表示が「Log in」である[0m
[32m      Log inリンクの内容が正しい[0m
[32m      Sign upリンクが表示される: 緑色のボタンの表示が「Sign up」である[0m
[32m      Sign upリンクの内容が正しい[0m
  アバウト画面のテスト
    表示内容の確認
[32m      URLが正しい[0m
  ヘッダーのテスト: ログインしていない場合
    表示内容の確認
[32m      Bookersリンクが表示される: 左上から1番目のリンクが「Bookers」である[0m
[32m      Homeリンクが表示される: 左上から2番目のリンクが「Home」である[0m
[32m      Aboutリンクが表示される: 左上から3番目のリンクが「About」である[0m
[32m      Sign upリンクが表示される: 左上から4番目のリンクが「Sign up」である[0m
[32m      Log inリンクが表示される: 左上から5番目のリンクが「Log in」である[0m
    リンクの内容を確認
[32m      Bookersを押すと、トップ画面に遷移する[0m
[32m      Homeを押すと、トップ画面に遷移する[0m
[31m      Aboutを押すと、アバウト画面に遷移する (FAILED - 15)[0m
[32m      Sign upを押すと、新規登録画面に遷移する[0m
[32m      Log inを押すと、ログイン画面に遷移する[0m
  ユーザ新規登録のテスト
    表示内容の確認
[32m      URLが正しい[0m
[32m      「Sign up」と表示される[0m
[32m      nameフォームが表示される[0m
[32m      email_addressフォームが表示される[0m
[32m      passwordフォームが表示される[0m
[32m      password_confirmationフォームが表示される[0m
[32m      Sign upボタンが表示される[0m
    新規登録成功のテスト
[31m      正しく新規登録される (FAILED - 16)[0m
[31m      新規登録後のリダイレクト先が、新規登録できたユーザの詳細画面になっている (FAILED - 17)[0m
  ユーザログイン
    表示内容の確認
[32m      URLが正しい[0m
[32m      「Log in」と表示される[0m
[32m      nameフォームが表示される[0m
[32m      passwordフォームが表示される[0m
[32m      Log inボタンが表示される[0m
[32m      email_addressフォームは表示されない[0m
    ログイン成功のテスト
[31m      ログイン後のリダイレクト先が、ログインしたユーザの詳細画面になっている (FAILED - 18)[0m
    ログイン失敗のテスト
[32m      ログインに失敗し、ログイン画面にリダイレクトされる[0m
  ヘッダーのテスト: ログインしている場合
    ヘッダーの表示を確認
[31m      Bookersリンクが表示される: 左上から1番目のリンクが「Bookers」である (FAILED - 19)[0m
[31m      Homeリンクが表示される: 左上から2番目のリンクが「Home」である (FAILED - 20)[0m
[31m      Usersリンクが表示される: 左上から3番目のリンクが「Users」である (FAILED - 21)[0m
[31m      Booksリンクが表示される: 左上から4番目のリンクが「Books」である (FAILED - 22)[0m
[31m      Log outリンクが表示される: 左上から5番目のリンクが「Log out」である (FAILED - 23)[0m
  ユーザログアウトのテスト
    ログアウト機能のテスト
[31m      正しくログアウトできている: ログアウト後のリダイレクト先においてAbout画面へのリンクが存在する (FAILED - 24)[0m
[31m      ログアウト後のリダイレクト先が、トップになっている (FAILED - 25)[0m

[STEP2] ユーザログイン後のテスト
  ヘッダーのテスト: ログインしている場合
    リンクの内容を確認: ※logoutは『ユーザログアウトのテスト』でテスト済みになります。
[31m      Homeを押すと、自分のユーザ詳細画面に遷移する (FAILED - 26)[0m
[31m      Usersを押すと、ユーザ一覧画面に遷移する (FAILED - 27)[0m
[31m      Booksを押すと、投稿一覧画面に遷移する (FAILED - 28)[0m
  投稿一覧画面のテスト
    表示内容の確認
[31m      URLが正しい (FAILED - 29)[0m
[31m      自分と他人の画像のリンク先が正しい (FAILED - 30)[0m
[31m      自分の投稿と他人の投稿のタイトルのリンク先がそれぞれ正しい (FAILED - 31)[0m
[31m      自分の投稿と他人の投稿のオピニオンが表示される (FAILED - 32)[0m
    サイドバーの確認
[31m      自分の名前と紹介文が表示される (FAILED - 33)[0m
[31m      自分のユーザ編集画面へのリンクが存在する (FAILED - 34)[0m
[31m      「New book」と表示される (FAILED - 35)[0m
[31m      titleフォームが表示される (FAILED - 36)[0m
[31m      titleフォームに値が入っていない (FAILED - 37)[0m
[31m      bodyフォームが表示される (FAILED - 38)[0m
[31m      bodyフォームに値が入っていない (FAILED - 39)[0m
[31m      Create Bookボタンが表示される (FAILED - 40)[0m
    投稿成功のテスト
[31m      自分の新しい投稿が正しく保存される (FAILED - 41)[0m
[31m      リダイレクト先が、保存できた投稿の詳細画面になっている (FAILED - 42)[0m
  自分の投稿詳細画面のテスト
    表示内容の確認
[31m      URLが正しい (FAILED - 43)[0m
[31m      「Book detail」と表示される (FAILED - 44)[0m
[31m      ユーザ画像・名前のリンク先が正しい (FAILED - 45)[0m
[31m      投稿のtitleが表示される (FAILED - 46)[0m
[31m      投稿のbodyが表示される (FAILED - 47)[0m
[31m      投稿の編集リンクが表示される (FAILED - 48)[0m
[31m      投稿の削除リンクが表示される (FAILED - 49)[0m
    サイドバーの確認
[31m      自分の名前と紹介文が表示される (FAILED - 50)[0m
[31m      自分のユーザ編集画面へのリンクが存在する (FAILED - 51)[0m
[31m      「New book」と表示される (FAILED - 52)[0m
[31m      titleフォームが表示される (FAILED - 53)[0m
[31m      titleフォームに値が入っていない (FAILED - 54)[0m
[31m      bodyフォームが表示される (FAILED - 55)[0m
[31m      bodyフォームに値が入っていない (FAILED - 56)[0m
[31m      Create Bookボタンが表示される (FAILED - 57)[0m
    投稿成功のテスト
[31m      自分の新しい投稿が正しく保存される (FAILED - 58)[0m
    編集リンクのテスト
[31m      編集画面に遷移する (FAILED - 59)[0m
    削除リンクのテスト
[31m      application.html.erbにjavascript_pack_tagを含んでいる (FAILED - 60)[0m
[31m      正しく削除される (FAILED - 61)[0m
[31m      リダイレクト先が、投稿一覧画面になっている (FAILED - 62)[0m
  自分の投稿編集画面のテスト
    表示の確認
[31m      URLが正しい (FAILED - 63)[0m
[31m      「Editing Book」と表示される (FAILED - 64)[0m
[31m      title編集フォームが表示される (FAILED - 65)[0m
[31m      body編集フォームが表示される (FAILED - 66)[0m
[31m      Update Bookボタンが表示される (FAILED - 67)[0m
[31m      Showリンクが表示される (FAILED - 68)[0m
[31m      Backリンクが表示される (FAILED - 69)[0m
    編集成功のテスト
[31m      titleが正しく更新される (FAILED - 70)[0m
[31m      bodyが正しく更新される (FAILED - 71)[0m
[31m      リダイレクト先が、更新した投稿の詳細画面になっている (FAILED - 72)[0m
  ユーザ一覧画面のテスト
    表示内容の確認
[31m      URLが正しい (FAILED - 73)[0m
[31m      自分と他人の画像が表示される: fallbackの画像がサイドバーの1つ＋一覧(2人)の2つの計3つ存在する (FAILED - 74)[0m
[31m      自分と他人の名前がそれぞれ表示される (FAILED - 75)[0m
[31m      自分と他人のshowリンクがそれぞれ表示される (FAILED - 76)[0m
    サイドバーの確認
[31m      自分の名前と紹介文が表示される (FAILED - 77)[0m
[31m      自分のユーザ編集画面へのリンクが存在する (FAILED - 78)[0m
[31m      「New book」と表示される (FAILED - 79)[0m
[31m      titleフォームが表示される (FAILED - 80)[0m
[31m      titleフォームに値が入っていない (FAILED - 81)[0m
[31m      bodyフォームが表示される (FAILED - 82)[0m
[31m      bodyフォームに値が入っていない (FAILED - 83)[0m
[31m      Create Bookボタンが表示される (FAILED - 84)[0m
  自分のユーザ詳細画面のテスト
    表示の確認
[31m      URLが正しい (FAILED - 85)[0m
[31m      投稿一覧のユーザ画像のリンク先が正しい (FAILED - 86)[0m
[31m      投稿一覧に自分の投稿のtitleが表示され、リンクが正しい (FAILED - 87)[0m
[31m      投稿一覧に自分の投稿のbodyが表示される (FAILED - 88)[0m
[31m      他人の投稿は表示されない (FAILED - 89)[0m
    サイドバーの確認
[31m      自分の名前と紹介文が表示される (FAILED - 90)[0m
[31m      自分のユーザ編集画面へのリンクが存在する (FAILED - 91)[0m
[31m      「New book」と表示される (FAILED - 92)[0m
[31m      titleフォームが表示される (FAILED - 93)[0m
[31m      titleフォームに値が入っていない (FAILED - 94)[0m
[31m      bodyフォームが表示される (FAILED - 95)[0m
[31m      bodyフォームに値が入っていない (FAILED - 96)[0m
[31m      Create Bookボタンが表示される (FAILED - 97)[0m
  自分のユーザ情報編集画面のテスト
    表示の確認
[31m      URLが正しい (FAILED - 98)[0m
[31m      名前編集フォームに自分の名前が表示される (FAILED - 99)[0m
[31m      画像編集フォームが表示される (FAILED - 100)[0m
[31m      自己紹介編集フォームに自分の自己紹介文が表示される (FAILED - 101)[0m
[31m      Update Userボタンが表示される (FAILED - 102)[0m
    更新成功のテスト
[31m      nameが正しく更新される (FAILED - 103)[0m
[31m      introductionが正しく更新される (FAILED - 104)[0m
[31m      リダイレクト先が、自分のユーザ詳細画面になっている (FAILED - 105)[0m

[STEP3] 仕上げのテスト
  サクセスメッセージのテスト
[31m    ユーザ新規登録成功時 (FAILED - 106)[0m
[31m    ユーザログイン成功時 (FAILED - 107)[0m
[31m    ユーザログアウト成功時 (FAILED - 108)[0m
[31m    ユーザのプロフィール情報更新成功時 (FAILED - 109)[0m
[31m    投稿データの新規投稿成功時: 投稿一覧画面から行います。 (FAILED - 110)[0m
[31m    投稿データの更新成功時 (FAILED - 111)[0m
  処理失敗時のテスト
    ユーザ新規登録失敗: nameを1文字にする
[31m      新規登録されない (FAILED - 112)[0m
[31m      新規登録画面を表示しており、フォームの内容が正しい (FAILED - 113)[0m
[31m      バリデーションエラーが表示される (FAILED - 114)[0m
    ユーザのプロフィール情報編集失敗: nameを1文字にする
[31m      更新されない (FAILED - 115)[0m
[31m      ユーザ編集画面を表示しており、フォームの内容が正しい (FAILED - 116)[0m
[31m      バリデーションエラーが表示される (FAILED - 117)[0m
    投稿データの新規投稿失敗: 投稿一覧画面から行い、titleを空にする
[31m      投稿が保存されない (FAILED - 118)[0m
[31m      投稿一覧画面を表示している (FAILED - 119)[0m
[31m      新規投稿フォームの内容が正しい (FAILED - 120)[0m
[31m      バリデーションエラーが表示される (FAILED - 121)[0m
    投稿データの更新失敗: titleを空にする
[31m      投稿が更新されない (FAILED - 122)[0m
[31m      投稿編集画面を表示しており、フォームの内容が正しい (FAILED - 123)[0m
[31m      エラーメッセージが表示される (FAILED - 124)[0m
  ログインしていない場合のアクセス制限のテスト: アクセスできず、ログイン画面に遷移する
[31m    ユーザ一覧画面 (FAILED - 125)[0m
[31m    ユーザ詳細画面 (FAILED - 126)[0m
[31m    ユーザ情報編集画面 (FAILED - 127)[0m
[31m    投稿一覧画面 (FAILED - 128)[0m
[31m    投稿詳細画面 (FAILED - 129)[0m
[31m    投稿編集画面 (FAILED - 130)[0m
  他人の画面のテスト
    他人の投稿詳細画面のテスト
      表示内容の確認
[31m        URLが正しい (FAILED - 131)[0m
[31m        「Book detail」と表示される (FAILED - 132)[0m
[31m        ユーザ画像・名前のリンク先が正しい (FAILED - 133)[0m
[31m        投稿のtitleが表示される (FAILED - 134)[0m
[31m        投稿のopinionが表示される (FAILED - 135)[0m
[31m        投稿の編集リンクが表示されない (FAILED - 136)[0m
[31m        投稿の削除リンクが表示されない (FAILED - 137)[0m
      サイドバーの確認
[31m        他人の名前と紹介文が表示される (FAILED - 138)[0m
[31m        他人のユーザ編集画面へのリンクが存在する (FAILED - 139)[0m
[31m        自分の名前と紹介文は表示されない (FAILED - 140)[0m
[31m        自分のユーザ編集画面へのリンクは存在しない (FAILED - 141)[0m
    他人の投稿編集画面
[31m      遷移できず、投稿一覧画面にリダイレクトされる (FAILED - 142)[0m
    他人のユーザ詳細画面のテスト
      表示の確認
[31m        URLが正しい (FAILED - 143)[0m
[31m        投稿一覧のユーザ画像のリンク先が正しい (FAILED - 144)[0m
[31m        投稿一覧に他人の投稿のtitleが表示され、リンクが正しい (FAILED - 145)[0m
[31m        投稿一覧に他人の投稿のopinionが表示される (FAILED - 146)[0m
[31m        自分の投稿は表示されない (FAILED - 147)[0m
      サイドバーの確認
[31m        他人の名前と紹介文が表示される (FAILED - 148)[0m
[31m        他人のユーザ編集画面へのリンクが存在する (FAILED - 149)[0m
[31m        自分の名前と紹介文は表示されない (FAILED - 150)[0m
[31m        自分のユーザ編集画面へのリンクは存在しない (FAILED - 151)[0m
    他人のユーザ情報編集画面
[31m      遷移できず、自分のユーザ詳細画面にリダイレクトされる (FAILED - 152)[0m
  グリッドシステムのテスト: container, row, col-md-〇を正しく使えている
[31m    ユーザ一覧画面 (FAILED - 153)[0m
[31m    ユーザ詳細画面 (FAILED - 154)[0m
[31m    投稿一覧画面 (FAILED - 155)[0m
[31m    投稿詳細画面 (FAILED - 156)[0m
  アイコンのテスト
    トップ画面
[31m      本のアイコンが表示される (FAILED - 157)[0m
    アバウト画面
[31m      本のアイコンが表示される (FAILED - 158)[0m
    ヘッダー: ログインしていない場合
[31m      Homeリンクのアイコンが表示される (FAILED - 159)[0m
[31m      Aboutリンクのアイコンが表示される (FAILED - 160)[0m
[31m      Sign upリンクのアイコンが表示される (FAILED - 161)[0m
[31m      Log inリンクのアイコンが表示される (FAILED - 162)[0m
    ヘッダー: ログインしている場合
[31m      Homeリンクのアイコンが表示される (FAILED - 163)[0m
[31m      Usersリンクのアイコンが表示される (FAILED - 164)[0m
[31m      Booksリンクのアイコンが表示される (FAILED - 165)[0m
[31m      Log outリンクのアイコンが表示される (FAILED - 166)[0m
    サイドバー
[31m      ユーザ一覧画面でレンチアイコンが表示される (FAILED - 167)[0m
[31m      ユーザ詳細画面でレンチアイコンが表示される (FAILED - 168)[0m
[31m      投稿一覧画面でレンチアイコンが表示される (FAILED - 169)[0m
[31m      投稿詳細画面でレンチアイコンが表示される (FAILED - 170)[0m

投稿のテスト
  トップ画面(root_path)のテスト
    表示の確認
[31m      トップ画面(root_path)に一覧ページへのリンクが表示されているか (FAILED - 171)[0m
[31m      root_pathが"/"であるか (FAILED - 172)[0m
  一覧画面のテスト
    一覧の表示とリンクの確認
[31m      bookの一覧表示(tableタグ)と投稿フォームが同一画面に表示されているか (FAILED - 173)[0m
[31m      bookのタイトルと感想を表示し、詳細・編集・削除のリンクが表示されているか (FAILED - 174)[0m
[31m      Create Bookボタンが表示される (FAILED - 175)[0m
    投稿処理に関するテスト
[31m      投稿に成功しサクセスメッセージが表示されるか (FAILED - 176)[0m
[31m      投稿に失敗する (FAILED - 177)[0m
[31m      投稿後のリダイレクト先は正しいか (FAILED - 178)[0m
    book削除のテスト
[31m      bookの削除 (FAILED - 179)[0m
  詳細画面のテスト
    表示の確認
[31m      本のタイトルと感想が画面に表示されていること (FAILED - 180)[0m
[31m      Editリンクが表示される (FAILED - 181)[0m
[31m      Backリンクが表示される (FAILED - 182)[0m
    リンクの遷移先の確認
[31m      Editの遷移先は編集画面か (FAILED - 183)[0m
[31m      Backの遷移先は一覧画面か (FAILED - 184)[0m
  編集画面のテスト
    表示の確認
[31m      編集前のタイトルと感想がフォームに表示(セット)されている (FAILED - 185)[0m
[31m      Update Bookボタンが表示される (FAILED - 186)[0m
[31m      Showリンクが表示される (FAILED - 187)[0m
[31m      Backリンクが表示される (FAILED - 188)[0m
    リンクの遷移先の確認
[31m      Showの遷移先は詳細画面か (FAILED - 189)[0m
[31m      Backの遷移先は一覧画面か (FAILED - 190)[0m
    更新処理に関するテスト
[31m      更新に成功しサクセスメッセージが表示されるか (FAILED - 191)[0m
[31m      更新に失敗しエラーメッセージが表示されるか (FAILED - 192)[0m
[31m      更新後のリダイレクト先は正しいか (FAILED - 193)[0m

Failures:

  1) UsersController GET #edit ログインユーザーの場合 レスポンスが成功すること
     [31mFailure/Error: let!(:user) { create(:user) }[0m
     [31m[0m
     [31mNoMethodError:[0m
     [31m  undefined method `introduction=' for an instance of User[0m
     [36m# ./spec/controllers/users_controller_spec.rb:4:in `block (2 levels) in <top (required)>'[0m

  2) UsersController GET #edit ログインユーザーの場合 @userが正しく設定されていること
     [31mFailure/Error: let!(:user) { create(:user) }[0m
     [31m[0m
     [31mNoMethodError:[0m
     [31m  undefined method `introduction=' for an instance of User[0m
     [36m# ./spec/controllers/users_controller_spec.rb:4:in `block (2 levels) in <top (required)>'[0m

  3) Bookモデルのテスト バリデーションのテスト titleカラム 空欄でないこと
     [31mFailure/Error: let(:user) { create(:user) }[0m
     [31m[0m
     [31mNoMethodError:[0m
     [31m  undefined method `introduction=' for an instance of User[0m
     [36m# ./spec/models/book_spec.rb:7:in `block (3 levels) in <main>'[0m
     [36m# ./spec/models/book_spec.rb:8:in `block (3 levels) in <main>'[0m

  4) Bookモデルのテスト バリデーションのテスト bodyカラム 空欄でないこと
     [31mFailure/Error: let(:user) { create(:user) }[0m
     [31m[0m
     [31mNoMethodError:[0m
     [31m  undefined method `introduction=' for an instance of User[0m
     [36m# ./spec/models/book_spec.rb:7:in `block (3 levels) in <main>'[0m
     [36m# ./spec/models/book_spec.rb:8:in `block (3 levels) in <main>'[0m

  5) Bookモデルのテスト バリデーションのテスト bodyカラム 200文字以下であること: 200文字は〇
     [31mFailure/Error: let(:user) { create(:user) }[0m
     [31m[0m
     [31mNoMethodError:[0m
     [31m  undefined method `introduction=' for an instance of User[0m
     [36m# ./spec/models/book_spec.rb:7:in `block (3 levels) in <main>'[0m
     [36m# ./spec/models/book_spec.rb:8:in `block (3 levels) in <main>'[0m

  6) Bookモデルのテスト バリデーションのテスト bodyカラム 200文字以下であること: 201文字は×
     [31mFailure/Error: let(:user) { create(:user) }[0m
     [31m[0m
     [31mNoMethodError:[0m
     [31m  undefined method `introduction=' for an instance of User[0m
     [36m# ./spec/models/book_spec.rb:7:in `block (3 levels) in <main>'[0m
     [36m# ./spec/models/book_spec.rb:8:in `block (3 levels) in <main>'[0m

  7) Userモデルのテスト バリデーションのテスト nameカラム 空欄でないこと
     [31mFailure/Error: let!(:other_user) { create(:user) }[0m
     [31m[0m
     [31mNoMethodError:[0m
     [31m  undefined method `introduction=' for an instance of User[0m
     [36m# ./spec/models/user_spec.rb:7:in `block (3 levels) in <main>'[0m

  8) Userモデルのテスト バリデーションのテスト nameカラム 2文字以上であること: 1文字は×
     [31mFailure/Error: let!(:other_user) { create(:user) }[0m
     [31m[0m
     [31mNoMethodError:[0m
     [31m  undefined method `introduction=' for an instance of User[0m
     [36m# ./spec/models/user_spec.rb:7:in `block (3 levels) in <main>'[0m

  9) Userモデルのテスト バリデーションのテスト nameカラム 2文字以上であること: 2文字は〇
     [31mFailure/Error: let!(:other_user) { create(:user) }[0m
     [31m[0m
     [31mNoMethodError:[0m
     [31m  undefined method `introduction=' for an instance of User[0m
     [36m# ./spec/models/user_spec.rb:7:in `block (3 levels) in <main>'[0m

  10) Userモデルのテスト バリデーションのテスト nameカラム 20文字以下であること: 20文字は〇
      [31mFailure/Error: let!(:other_user) { create(:user) }[0m
      [31m[0m
      [31mNoMethodError:[0m
      [31m  undefined method `introduction=' for an instance of User[0m
      [36m# ./spec/models/user_spec.rb:7:in `block (3 levels) in <main>'[0m

  11) Userモデルのテスト バリデーションのテスト nameカラム 20文字以下であること: 21文字は×
      [31mFailure/Error: let!(:other_user) { create(:user) }[0m
      [31m[0m
      [31mNoMethodError:[0m
      [31m  undefined method `introduction=' for an instance of User[0m
      [36m# ./spec/models/user_spec.rb:7:in `block (3 levels) in <main>'[0m

  12) Userモデルのテスト バリデーションのテスト nameカラム 一意性があること
      [31mFailure/Error: let!(:other_user) { create(:user) }[0m
      [31m[0m
      [31mNoMethodError:[0m
      [31m  undefined method `introduction=' for an instance of User[0m
      [36m# ./spec/models/user_spec.rb:7:in `block (3 levels) in <main>'[0m

  13) Userモデルのテスト バリデーションのテスト introductionカラム 50文字以下であること: 50文字は〇
      [31mFailure/Error: let!(:other_user) { create(:user) }[0m
      [31m[0m
      [31mNoMethodError:[0m
      [31m  undefined method `introduction=' for an instance of User[0m
      [36m# ./spec/models/user_spec.rb:7:in `block (3 levels) in <main>'[0m

  14) Userモデルのテスト バリデーションのテスト introductionカラム 50文字以下であること: 51文字は×
      [31mFailure/Error: let!(:other_user) { create(:user) }[0m
      [31m[0m
      [31mNoMethodError:[0m
      [31m  undefined method `introduction=' for an instance of User[0m
      [36m# ./spec/models/user_spec.rb:7:in `block (3 levels) in <main>'[0m

  15) [STEP1] ユーザログイン前のテスト ヘッダーのテスト: ログインしていない場合 リンクの内容を確認 Aboutを押すと、アバウト画面に遷移する
      [31mFailure/Error: is_expected.to eq '/home/about'[0m
      [31m[0m
      [31m  expected: "/home/about"[0m
      [31m       got: "/homes/about"[0m
      [31m[0m
      [31m  (compared using ==)[0m
      [36m# ./spec/system/01_before_login_spec.rb:93:in `block (4 levels) in <main>'[0m

  16) [STEP1] ユーザログイン前のテスト ユーザ新規登録のテスト 新規登録成功のテスト 正しく新規登録される
      [31mFailure/Error: profile_image.attach(io: File.open(file_path), filename: 'default-image.jpg', content_type: 'image/jpeg')[0m
      [31m[0m
      [31mActionView::Template::Error:[0m
      [31m  No such file or directory @ rb_sysopen - /home/ubuntu/environment/bookers2/app/assets/images/sample-author1.jpg[0m
      [36m# ./app/models/user.rb:18:in `initialize'[0m
      [36m# ./app/models/user.rb:18:in `open'[0m
      [36m# ./app/models/user.rb:18:in `get_profile_image'[0m
      [36m# ./app/views/shared/_sidebar.html.erb:4:in `_app_views_shared__sidebar_html_erb___2390125530711384088_31820'[0m
      [36m# ./app/views/layouts/application.html.erb:98:in `_app_views_layouts_application_html_erb__1100719737621046843_30580'[0m
      [36m# ./spec/system/01_before_login_spec.rb:148:in `block (5 levels) in <main>'[0m
      [36m# ./spec/system/01_before_login_spec.rb:148:in `block (4 levels) in <main>'[0m
      [36m# ------------------[0m
      [36m# --- Caused by: ---[0m
      [36m# Errno::ENOENT:[0m
      [36m#   No such file or directory @ rb_sysopen - /home/ubuntu/environment/bookers2/app/assets/images/sample-author1.jpg[0m
      [36m#   ./app/models/user.rb:18:in `initialize'[0m

  17) [STEP1] ユーザログイン前のテスト ユーザ新規登録のテスト 新規登録成功のテスト 新規登録後のリダイレクト先が、新規登録できたユーザの詳細画面になっている
      [31mFailure/Error: profile_image.attach(io: File.open(file_path), filename: 'default-image.jpg', content_type: 'image/jpeg')[0m
      [31m[0m
      [31mActionView::Template::Error:[0m
      [31m  No such file or directory @ rb_sysopen - /home/ubuntu/environment/bookers2/app/assets/images/sample-author1.jpg[0m
      [36m# ./app/models/user.rb:18:in `initialize'[0m
      [36m# ./app/models/user.rb:18:in `open'[0m
      [36m# ./app/models/user.rb:18:in `get_profile_image'[0m
      [36m# ./app/views/shared/_sidebar.html.erb:4:in `_app_views_shared__sidebar_html_erb___2390125530711384088_31820'[0m
      [36m# ./app/views/layouts/application.html.erb:98:in `_app_views_layouts_application_html_erb__1100719737621046843_30580'[0m
      [36m# ./spec/system/01_before_login_spec.rb:151:in `block (4 levels) in <main>'[0m
      [36m# ------------------[0m
      [36m# --- Caused by: ---[0m
      [36m# Errno::ENOENT:[0m
      [36m#   No such file or directory @ rb_sysopen - /home/ubuntu/environment/bookers2/app/assets/images/sample-author1.jpg[0m
      [36m#   ./app/models/user.rb:18:in `initialize'[0m

  18) [STEP1] ユーザログイン前のテスト ユーザログイン ログイン成功のテスト ログイン後のリダイレクト先が、ログインしたユーザの詳細画面になっている
      [31mFailure/Error: let(:user) { create(:user) }[0m
      [31m[0m
      [31mNoMethodError:[0m
      [31m  undefined method `introduction=' for an instance of User[0m
      [36m# ./spec/system/01_before_login_spec.rb:158:in `block (3 levels) in <main>'[0m
      [36m# ./spec/system/01_before_login_spec.rb:187:in `block (4 levels) in <main>'[0m

  19) [STEP1] ユーザログイン前のテスト ヘッダーのテスト: ログインしている場合 ヘッダーの表示を確認 Bookersリンクが表示される: 左上から1番目のリンクが「Bookers」である
      [31mFailure/Error: let(:user) { create(:user) }[0m
      [31m[0m
      [31mNoMethodError:[0m
      [31m  undefined method `introduction=' for an instance of User[0m
      [36m# ./spec/system/01_before_login_spec.rb:211:in `block (3 levels) in <main>'[0m
      [36m# ./spec/system/01_before_login_spec.rb:215:in `block (3 levels) in <main>'[0m

  20) [STEP1] ユーザログイン前のテスト ヘッダーのテスト: ログインしている場合 ヘッダーの表示を確認 Homeリンクが表示される: 左上から2番目のリンクが「Home」である
      [31mFailure/Error: let(:user) { create(:user) }[0m
      [31m[0m
      [31mNoMethodError:[0m
      [31m  undefined method `introduction=' for an instance of User[0m
      [36m# ./spec/system/01_before_login_spec.rb:211:in `block (3 levels) in <main>'[0m
      [36m# ./spec/system/01_before_login_spec.rb:215:in `block (3 levels) in <main>'[0m

  21) [STEP1] ユーザログイン前のテスト ヘッダーのテスト: ログインしている場合 ヘッダーの表示を確認 Usersリンクが表示される: 左上から3番目のリンクが「Users」である
      [31mFailure/Error: let(:user) { create(:user) }[0m
      [31m[0m
      [31mNoMethodError:[0m
      [31m  undefined method `introduction=' for an instance of User[0m
      [36m# ./spec/system/01_before_login_spec.rb:211:in `block (3 levels) in <main>'[0m
      [36m# ./spec/system/01_before_login_spec.rb:215:in `block (3 levels) in <main>'[0m

  22) [STEP1] ユーザログイン前のテスト ヘッダーのテスト: ログインしている場合 ヘッダーの表示を確認 Booksリンクが表示される: 左上から4番目のリンクが「Books」である
      [31mFailure/Error: let(:user) { create(:user) }[0m
      [31m[0m
      [31mNoMethodError:[0m
      [31m  undefined method `introduction=' for an instance of User[0m
      [36m# ./spec/system/01_before_login_spec.rb:211:in `block (3 levels) in <main>'[0m
      [36m# ./spec/system/01_before_login_spec.rb:215:in `block (3 levels) in <main>'[0m

  23) [STEP1] ユーザログイン前のテスト ヘッダーのテスト: ログインしている場合 ヘッダーの表示を確認 Log outリンクが表示される: 左上から5番目のリンクが「Log out」である
      [31mFailure/Error: let(:user) { create(:user) }[0m
      [31m[0m
      [31mNoMethodError:[0m
      [31m  undefined method `introduction=' for an instance of User[0m
      [36m# ./spec/system/01_before_login_spec.rb:211:in `block (3 levels) in <main>'[0m
      [36m# ./spec/system/01_before_login_spec.rb:215:in `block (3 levels) in <main>'[0m

  24) [STEP1] ユーザログイン前のテスト ユーザログアウトのテスト ログアウト機能のテスト 正しくログアウトできている: ログアウト後のリダイレクト先においてAbout画面へのリンクが存在する
      [31mFailure/Error: let(:user) { create(:user) }[0m
      [31m[0m
      [31mNoMethodError:[0m
      [31m  undefined method `introduction=' for an instance of User[0m
      [36m# ./spec/system/01_before_login_spec.rb:245:in `block (3 levels) in <main>'[0m
      [36m# ./spec/system/01_before_login_spec.rb:249:in `block (3 levels) in <main>'[0m

  25) [STEP1] ユーザログイン前のテスト ユーザログアウトのテスト ログアウト機能のテスト ログアウト後のリダイレクト先が、トップになっている
      [31mFailure/Error: let(:user) { create(:user) }[0m
      [31m[0m
      [31mNoMethodError:[0m
      [31m  undefined method `introduction=' for an instance of User[0m
      [36m# ./spec/system/01_before_login_spec.rb:245:in `block (3 levels) in <main>'[0m
      [36m# ./spec/system/01_before_login_spec.rb:249:in `block (3 levels) in <main>'[0m

  26) [STEP2] ユーザログイン後のテスト ヘッダーのテスト: ログインしている場合 リンクの内容を確認: ※logoutは『ユーザログアウトのテスト』でテスト済みになります。 Homeを押すと、自分のユーザ詳細画面に遷移する
      [31mFailure/Error: let!(:user) { create(:user) }[0m
      [31m[0m
      [31mNoMethodError:[0m
      [31m  undefined method `introduction=' for an instance of User[0m
      [36m# ./spec/system/02_after_login_spec.rb:4:in `block (2 levels) in <main>'[0m

  27) [STEP2] ユーザログイン後のテスト ヘッダーのテスト: ログインしている場合 リンクの内容を確認: ※logoutは『ユーザログアウトのテスト』でテスト済みになります。 Usersを押すと、ユーザ一覧画面に遷移する
      [31mFailure/Error: let!(:user) { create(:user) }[0m
      [31m[0m
      [31mNoMethodError:[0m
      [31m  undefined method `introduction=' for an instance of User[0m
      [36m# ./spec/system/02_after_login_spec.rb:4:in `block (2 levels) in <main>'[0m

  28) [STEP2] ユーザログイン後のテスト ヘッダーのテスト: ログインしている場合 リンクの内容を確認: ※logoutは『ユーザログアウトのテスト』でテスト済みになります。 Booksを押すと、投稿一覧画面に遷移する
      [31mFailure/Error: let!(:user) { create(:user) }[0m
      [31m[0m
      [31mNoMethodError:[0m
      [31m  undefined method `introduction=' for an instance of User[0m
      [36m# ./spec/system/02_after_login_spec.rb:4:in `block (2 levels) in <main>'[0m

  29) [STEP2] ユーザログイン後のテスト 投稿一覧画面のテスト 表示内容の確認 URLが正しい
      [31mFailure/Error: let!(:user) { create(:user) }[0m
      [31m[0m
      [31mNoMethodError:[0m
      [31m  undefined method `introduction=' for an instance of User[0m
      [36m# ./spec/system/02_after_login_spec.rb:4:in `block (2 levels) in <main>'[0m

  30) [STEP2] ユーザログイン後のテスト 投稿一覧画面のテスト 表示内容の確認 自分と他人の画像のリンク先が正しい
      [31mFailure/Error: let!(:user) { create(:user) }[0m
      [31m[0m
      [31mNoMethodError:[0m
      [31m  undefined method `introduction=' for an instance of User[0m
      [36m# ./spec/system/02_after_login_spec.rb:4:in `block (2 levels) in <main>'[0m

  31) [STEP2] ユーザログイン後のテスト 投稿一覧画面のテスト 表示内容の確認 自分の投稿と他人の投稿のタイトルのリンク先がそれぞれ正しい
      [31mFailure/Error: let!(:user) { create(:user) }[0m
      [31m[0m
      [31mNoMethodError:[0m
      [31m  undefined method `introduction=' for an instance of User[0m
      [36m# ./spec/system/02_after_login_spec.rb:4:in `block (2 levels) in <main>'[0m

  32) [STEP2] ユーザログイン後のテスト 投稿一覧画面のテスト 表示内容の確認 自分の投稿と他人の投稿のオピニオンが表示される
      [31mFailure/Error: let!(:user) { create(:user) }[0m
      [31m[0m
      [31mNoMethodError:[0m
      [31m  undefined method `introduction=' for an instance of User[0m
      [36m# ./spec/system/02_after_login_spec.rb:4:in `block (2 levels) in <main>'[0m

  33) [STEP2] ユーザログイン後のテスト 投稿一覧画面のテスト サイドバーの確認 自分の名前と紹介文が表示される
      [31mFailure/Error: let!(:user) { create(:user) }[0m
      [31m[0m
      [31mNoMethodError:[0m
      [31m  undefined method `introduction=' for an instance of User[0m
      [36m# ./spec/system/02_after_login_spec.rb:4:in `block (2 levels) in <main>'[0m

  34) [STEP2] ユーザログイン後のテスト 投稿一覧画面のテスト サイドバーの確認 自分のユーザ編集画面へのリンクが存在する
      [31mFailure/Error: let!(:user) { create(:user) }[0m
      [31m[0m
      [31mNoMethodError:[0m
      [31m  undefined method `introduction=' for an instance of User[0m
      [36m# ./spec/system/02_after_login_spec.rb:4:in `block (2 levels) in <main>'[0m

  35) [STEP2] ユーザログイン後のテスト 投稿一覧画面のテスト サイドバーの確認 「New book」と表示される
      [31mFailure/Error: let!(:user) { create(:user) }[0m
      [31m[0m
      [31mNoMethodError:[0m
      [31m  undefined method `introduction=' for an instance of User[0m
      [36m# ./spec/system/02_after_login_spec.rb:4:in `block (2 levels) in <main>'[0m

  36) [STEP2] ユーザログイン後のテスト 投稿一覧画面のテスト サイドバーの確認 titleフォームが表示される
      [31mFailure/Error: let!(:user) { create(:user) }[0m
      [31m[0m
      [31mNoMethodError:[0m
      [31m  undefined method `introduction=' for an instance of User[0m
      [36m# ./spec/system/02_after_login_spec.rb:4:in `block (2 levels) in <main>'[0m

  37) [STEP2] ユーザログイン後のテスト 投稿一覧画面のテスト サイドバーの確認 titleフォームに値が入っていない
      [31mFailure/Error: let!(:user) { create(:user) }[0m
      [31m[0m
      [31mNoMethodError:[0m
      [31m  undefined method `introduction=' for an instance of User[0m
      [36m# ./spec/system/02_after_login_spec.rb:4:in `block (2 levels) in <main>'[0m

  38) [STEP2] ユーザログイン後のテスト 投稿一覧画面のテスト サイドバーの確認 bodyフォームが表示される
      [31mFailure/Error: let!(:user) { create(:user) }[0m
      [31m[0m
      [31mNoMethodError:[0m
      [31m  undefined method `introduction=' for an instance of User[0m
      [36m# ./spec/system/02_after_login_spec.rb:4:in `block (2 levels) in <main>'[0m

  39) [STEP2] ユーザログイン後のテスト 投稿一覧画面のテスト サイドバーの確認 bodyフォームに値が入っていない
      [31mFailure/Error: let!(:user) { create(:user) }[0m
      [31m[0m
      [31mNoMethodError:[0m
      [31m  undefined method `introduction=' for an instance of User[0m
      [36m# ./spec/system/02_after_login_spec.rb:4:in `block (2 levels) in <main>'[0m

  40) [STEP2] ユーザログイン後のテスト 投稿一覧画面のテスト サイドバーの確認 Create Bookボタンが表示される
      [31mFailure/Error: let!(:user) { create(:user) }[0m
      [31m[0m
      [31mNoMethodError:[0m
      [31m  undefined method `introduction=' for an instance of User[0m
      [36m# ./spec/system/02_after_login_spec.rb:4:in `block (2 levels) in <main>'[0m

  41) [STEP2] ユーザログイン後のテスト 投稿一覧画面のテスト 投稿成功のテスト 自分の新しい投稿が正しく保存される
      [31mFailure/Error: let!(:user) { create(:user) }[0m
      [31m[0m
      [31mNoMethodError:[0m
      [31m  undefined method `introduction=' for an instance of User[0m
      [36m# ./spec/system/02_after_login_spec.rb:4:in `block (2 levels) in <main>'[0m

  42) [STEP2] ユーザログイン後のテスト 投稿一覧画面のテスト 投稿成功のテスト リダイレクト先が、保存できた投稿の詳細画面になっている
      [31mFailure/Error: let!(:user) { create(:user) }[0m
      [31m[0m
      [31mNoMethodError:[0m
      [31m  undefined method `introduction=' for an instance of User[0m
      [36m# ./spec/system/02_after_login_spec.rb:4:in `block (2 levels) in <main>'[0m

  43) [STEP2] ユーザログイン後のテスト 自分の投稿詳細画面のテスト 表示内容の確認 URLが正しい
      [31mFailure/Error: let!(:user) { create(:user) }[0m
      [31m[0m
      [31mNoMethodError:[0m
      [31m  undefined method `introduction=' for an instance of User[0m
      [36m# ./spec/system/02_after_login_spec.rb:4:in `block (2 levels) in <main>'[0m

  44) [STEP2] ユーザログイン後のテスト 自分の投稿詳細画面のテスト 表示内容の確認 「Book detail」と表示される
      [31mFailure/Error: let!(:user) { create(:user) }[0m
      [31m[0m
      [31mNoMethodError:[0m
      [31m  undefined method `introduction=' for an instance of User[0m
      [36m# ./spec/system/02_after_login_spec.rb:4:in `block (2 levels) in <main>'[0m

  45) [STEP2] ユーザログイン後のテスト 自分の投稿詳細画面のテスト 表示内容の確認 ユーザ画像・名前のリンク先が正しい
      [31mFailure/Error: let!(:user) { create(:user) }[0m
      [31m[0m
      [31mNoMethodError:[0m
      [31m  undefined method `introduction=' for an instance of User[0m
      [36m# ./spec/system/02_after_login_spec.rb:4:in `block (2 levels) in <main>'[0m

  46) [STEP2] ユーザログイン後のテスト 自分の投稿詳細画面のテスト 表示内容の確認 投稿のtitleが表示される
      [31mFailure/Error: let!(:user) { create(:user) }[0m
      [31m[0m
      [31mNoMethodError:[0m
      [31m  undefined method `introduction=' for an instance of User[0m
      [36m# ./spec/system/02_after_login_spec.rb:4:in `block (2 levels) in <main>'[0m

  47) [STEP2] ユーザログイン後のテスト 自分の投稿詳細画面のテスト 表示内容の確認 投稿のbodyが表示される
      [31mFailure/Error: let!(:user) { create(:user) }[0m
      [31m[0m
      [31mNoMethodError:[0m
      [31m  undefined method `introduction=' for an instance of User[0m
      [36m# ./spec/system/02_after_login_spec.rb:4:in `block (2 levels) in <main>'[0m

  48) [STEP2] ユーザログイン後のテスト 自分の投稿詳細画面のテスト 表示内容の確認 投稿の編集リンクが表示される
      [31mFailure/Error: let!(:user) { create(:user) }[0m
      [31m[0m
      [31mNoMethodError:[0m
      [31m  undefined method `introduction=' for an instance of User[0m
      [36m# ./spec/system/02_after_login_spec.rb:4:in `block (2 levels) in <main>'[0m

  49) [STEP2] ユーザログイン後のテスト 自分の投稿詳細画面のテスト 表示内容の確認 投稿の削除リンクが表示される
      [31mFailure/Error: let!(:user) { create(:user) }[0m
      [31m[0m
      [31mNoMethodError:[0m
      [31m  undefined method `introduction=' for an instance of User[0m
      [36m# ./spec/system/02_after_login_spec.rb:4:in `block (2 levels) in <main>'[0m

  50) [STEP2] ユーザログイン後のテスト 自分の投稿詳細画面のテスト サイドバーの確認 自分の名前と紹介文が表示される
      [31mFailure/Error: let!(:user) { create(:user) }[0m
      [31m[0m
      [31mNoMethodError:[0m
      [31m  undefined method `introduction=' for an instance of User[0m
      [36m# ./spec/system/02_after_login_spec.rb:4:in `block (2 levels) in <main>'[0m

  51) [STEP2] ユーザログイン後のテスト 自分の投稿詳細画面のテスト サイドバーの確認 自分のユーザ編集画面へのリンクが存在する
      [31mFailure/Error: let!(:user) { create(:user) }[0m
      [31m[0m
      [31mNoMethodError:[0m
      [31m  undefined method `introduction=' for an instance of User[0m
      [36m# ./spec/system/02_after_login_spec.rb:4:in `block (2 levels) in <main>'[0m

  52) [STEP2] ユーザログイン後のテスト 自分の投稿詳細画面のテスト サイドバーの確認 「New book」と表示される
      [31mFailure/Error: let!(:user) { create(:user) }[0m
      [31m[0m
      [31mNoMethodError:[0m
      [31m  undefined method `introduction=' for an instance of User[0m
      [36m# ./spec/system/02_after_login_spec.rb:4:in `block (2 levels) in <main>'[0m

  53) [STEP2] ユーザログイン後のテスト 自分の投稿詳細画面のテスト サイドバーの確認 titleフォームが表示される
      [31mFailure/Error: let!(:user) { create(:user) }[0m
      [31m[0m
      [31mNoMethodError:[0m
      [31m  undefined method `introduction=' for an instance of User[0m
      [36m# ./spec/system/02_after_login_spec.rb:4:in `block (2 levels) in <main>'[0m

  54) [STEP2] ユーザログイン後のテスト 自分の投稿詳細画面のテスト サイドバーの確認 titleフォームに値が入っていない
      [31mFailure/Error: let!(:user) { create(:user) }[0m
      [31m[0m
      [31mNoMethodError:[0m
      [31m  undefined method `introduction=' for an instance of User[0m
      [36m# ./spec/system/02_after_login_spec.rb:4:in `block (2 levels) in <main>'[0m

  55) [STEP2] ユーザログイン後のテスト 自分の投稿詳細画面のテスト サイドバーの確認 bodyフォームが表示される
      [31mFailure/Error: let!(:user) { create(:user) }[0m
      [31m[0m
      [31mNoMethodError:[0m
      [31m  undefined method `introduction=' for an instance of User[0m
      [36m# ./spec/system/02_after_login_spec.rb:4:in `block (2 levels) in <main>'[0m

  56) [STEP2] ユーザログイン後のテスト 自分の投稿詳細画面のテスト サイドバーの確認 bodyフォームに値が入っていない
      [31mFailure/Error: let!(:user) { create(:user) }[0m
      [31m[0m
      [31mNoMethodError:[0m
      [31m  undefined method `introduction=' for an instance of User[0m
      [36m# ./spec/system/02_after_login_spec.rb:4:in `block (2 levels) in <main>'[0m

  57) [STEP2] ユーザログイン後のテスト 自分の投稿詳細画面のテスト サイドバーの確認 Create Bookボタンが表示される
      [31mFailure/Error: let!(:user) { create(:user) }[0m
      [31m[0m
      [31mNoMethodError:[0m
      [31m  undefined method `introduction=' for an instance of User[0m
      [36m# ./spec/system/02_after_login_spec.rb:4:in `block (2 levels) in <main>'[0m

  58) [STEP2] ユーザログイン後のテスト 自分の投稿詳細画面のテスト 投稿成功のテスト 自分の新しい投稿が正しく保存される
      [31mFailure/Error: let!(:user) { create(:user) }[0m
      [31m[0m
      [31mNoMethodError:[0m
      [31m  undefined method `introduction=' for an instance of User[0m
      [36m# ./spec/system/02_after_login_spec.rb:4:in `block (2 levels) in <main>'[0m

  59) [STEP2] ユーザログイン後のテスト 自分の投稿詳細画面のテスト 編集リンクのテスト 編集画面に遷移する
      [31mFailure/Error: let!(:user) { create(:user) }[0m
      [31m[0m
      [31mNoMethodError:[0m
      [31m  undefined method `introduction=' for an instance of User[0m
      [36m# ./spec/system/02_after_login_spec.rb:4:in `block (2 levels) in <main>'[0m

  60) [STEP2] ユーザログイン後のテスト 自分の投稿詳細画面のテスト 削除リンクのテスト application.html.erbにjavascript_pack_tagを含んでいる
      [31mFailure/Error: let!(:user) { create(:user) }[0m
      [31m[0m
      [31mNoMethodError:[0m
      [31m  undefined method `introduction=' for an instance of User[0m
      [36m# ./spec/system/02_after_login_spec.rb:4:in `block (2 levels) in <main>'[0m

  61) [STEP2] ユーザログイン後のテスト 自分の投稿詳細画面のテスト 削除リンクのテスト 正しく削除される
      [31mFailure/Error: let!(:user) { create(:user) }[0m
      [31m[0m
      [31mNoMethodError:[0m
      [31m  undefined method `introduction=' for an instance of User[0m
      [36m# ./spec/system/02_after_login_spec.rb:4:in `block (2 levels) in <main>'[0m

  62) [STEP2] ユーザログイン後のテスト 自分の投稿詳細画面のテスト 削除リンクのテスト リダイレクト先が、投稿一覧画面になっている
      [31mFailure/Error: let!(:user) { create(:user) }[0m
      [31m[0m
      [31mNoMethodError:[0m
      [31m  undefined method `introduction=' for an instance of User[0m
      [36m# ./spec/system/02_after_login_spec.rb:4:in `block (2 levels) in <main>'[0m

  63) [STEP2] ユーザログイン後のテスト 自分の投稿編集画面のテスト 表示の確認 URLが正しい
      [31mFailure/Error: let!(:user) { create(:user) }[0m
      [31m[0m
      [31mNoMethodError:[0m
      [31m  undefined method `introduction=' for an instance of User[0m
      [36m# ./spec/system/02_after_login_spec.rb:4:in `block (2 levels) in <main>'[0m

  64) [STEP2] ユーザログイン後のテスト 自分の投稿編集画面のテスト 表示の確認 「Editing Book」と表示される
      [31mFailure/Error: let!(:user) { create(:user) }[0m
      [31m[0m
      [31mNoMethodError:[0m
      [31m  undefined method `introduction=' for an instance of User[0m
      [36m# ./spec/system/02_after_login_spec.rb:4:in `block (2 levels) in <main>'[0m

  65) [STEP2] ユーザログイン後のテスト 自分の投稿編集画面のテスト 表示の確認 title編集フォームが表示される
      [31mFailure/Error: let!(:user) { create(:user) }[0m
      [31m[0m
      [31mNoMethodError:[0m
      [31m  undefined method `introduction=' for an instance of User[0m
      [36m# ./spec/system/02_after_login_spec.rb:4:in `block (2 levels) in <main>'[0m

  66) [STEP2] ユーザログイン後のテスト 自分の投稿編集画面のテスト 表示の確認 body編集フォームが表示される
      [31mFailure/Error: let!(:user) { create(:user) }[0m
      [31m[0m
      [31mNoMethodError:[0m
      [31m  undefined method `introduction=' for an instance of User[0m
      [36m# ./spec/system/02_after_login_spec.rb:4:in `block (2 levels) in <main>'[0m

  67) [STEP2] ユーザログイン後のテスト 自分の投稿編集画面のテスト 表示の確認 Update Bookボタンが表示される
      [31mFailure/Error: let!(:user) { create(:user) }[0m
      [31m[0m
      [31mNoMethodError:[0m
      [31m  undefined method `introduction=' for an instance of User[0m
      [36m# ./spec/system/02_after_login_spec.rb:4:in `block (2 levels) in <main>'[0m

  68) [STEP2] ユーザログイン後のテスト 自分の投稿編集画面のテスト 表示の確認 Showリンクが表示される
      [31mFailure/Error: let!(:user) { create(:user) }[0m
      [31m[0m
      [31mNoMethodError:[0m
      [31m  undefined method `introduction=' for an instance of User[0m
      [36m# ./spec/system/02_after_login_spec.rb:4:in `block (2 levels) in <main>'[0m

  69) [STEP2] ユーザログイン後のテスト 自分の投稿編集画面のテスト 表示の確認 Backリンクが表示される
      [31mFailure/Error: let!(:user) { create(:user) }[0m
      [31m[0m
      [31mNoMethodError:[0m
      [31m  undefined method `introduction=' for an instance of User[0m
      [36m# ./spec/system/02_after_login_spec.rb:4:in `block (2 levels) in <main>'[0m

  70) [STEP2] ユーザログイン後のテスト 自分の投稿編集画面のテスト 編集成功のテスト titleが正しく更新される
      [31mFailure/Error: let!(:user) { create(:user) }[0m
      [31m[0m
      [31mNoMethodError:[0m
      [31m  undefined method `introduction=' for an instance of User[0m
      [36m# ./spec/system/02_after_login_spec.rb:4:in `block (2 levels) in <main>'[0m

  71) [STEP2] ユーザログイン後のテスト 自分の投稿編集画面のテスト 編集成功のテスト bodyが正しく更新される
      [31mFailure/Error: let!(:user) { create(:user) }[0m
      [31m[0m
      [31mNoMethodError:[0m
      [31m  undefined method `introduction=' for an instance of User[0m
      [36m# ./spec/system/02_after_login_spec.rb:4:in `block (2 levels) in <main>'[0m

  72) [STEP2] ユーザログイン後のテスト 自分の投稿編集画面のテスト 編集成功のテスト リダイレクト先が、更新した投稿の詳細画面になっている
      [31mFailure/Error: let!(:user) { create(:user) }[0m
      [31m[0m
      [31mNoMethodError:[0m
      [31m  undefined method `introduction=' for an instance of User[0m
      [36m# ./spec/system/02_after_login_spec.rb:4:in `block (2 levels) in <main>'[0m

  73) [STEP2] ユーザログイン後のテスト ユーザ一覧画面のテスト 表示内容の確認 URLが正しい
      [31mFailure/Error: let!(:user) { create(:user) }[0m
      [31m[0m
      [31mNoMethodError:[0m
      [31m  undefined method `introduction=' for an instance of User[0m
      [36m# ./spec/system/02_after_login_spec.rb:4:in `block (2 levels) in <main>'[0m

  74) [STEP2] ユーザログイン後のテスト ユーザ一覧画面のテスト 表示内容の確認 自分と他人の画像が表示される: fallbackの画像がサイドバーの1つ＋一覧(2人)の2つの計3つ存在する
      [31mFailure/Error: let!(:user) { create(:user) }[0m
      [31m[0m
      [31mNoMethodError:[0m
      [31m  undefined method `introduction=' for an instance of User[0m
      [36m# ./spec/system/02_after_login_spec.rb:4:in `block (2 levels) in <main>'[0m

  75) [STEP2] ユーザログイン後のテスト ユーザ一覧画面のテスト 表示内容の確認 自分と他人の名前がそれぞれ表示される
      [31mFailure/Error: let!(:user) { create(:user) }[0m
      [31m[0m
      [31mNoMethodError:[0m
      [31m  undefined method `introduction=' for an instance of User[0m
      [36m# ./spec/system/02_after_login_spec.rb:4:in `block (2 levels) in <main>'[0m

  76) [STEP2] ユーザログイン後のテスト ユーザ一覧画面のテスト 表示内容の確認 自分と他人のshowリンクがそれぞれ表示される
      [31mFailure/Error: let!(:user) { create(:user) }[0m
      [31m[0m
      [31mNoMethodError:[0m
      [31m  undefined method `introduction=' for an instance of User[0m
      [36m# ./spec/system/02_after_login_spec.rb:4:in `block (2 levels) in <main>'[0m

  77) [STEP2] ユーザログイン後のテスト ユーザ一覧画面のテスト サイドバーの確認 自分の名前と紹介文が表示される
      [31mFailure/Error: let!(:user) { create(:user) }[0m
      [31m[0m
      [31mNoMethodError:[0m
      [31m  undefined method `introduction=' for an instance of User[0m
      [36m# ./spec/system/02_after_login_spec.rb:4:in `block (2 levels) in <main>'[0m

  78) [STEP2] ユーザログイン後のテスト ユーザ一覧画面のテスト サイドバーの確認 自分のユーザ編集画面へのリンクが存在する
      [31mFailure/Error: let!(:user) { create(:user) }[0m
      [31m[0m
      [31mNoMethodError:[0m
      [31m  undefined method `introduction=' for an instance of User[0m
      [36m# ./spec/system/02_after_login_spec.rb:4:in `block (2 levels) in <main>'[0m

  79) [STEP2] ユーザログイン後のテスト ユーザ一覧画面のテスト サイドバーの確認 「New book」と表示される
      [31mFailure/Error: let!(:user) { create(:user) }[0m
      [31m[0m
      [31mNoMethodError:[0m
      [31m  undefined method `introduction=' for an instance of User[0m
      [36m# ./spec/system/02_after_login_spec.rb:4:in `block (2 levels) in <main>'[0m

  80) [STEP2] ユーザログイン後のテスト ユーザ一覧画面のテスト サイドバーの確認 titleフォームが表示される
      [31mFailure/Error: let!(:user) { create(:user) }[0m
      [31m[0m
      [31mNoMethodError:[0m
      [31m  undefined method `introduction=' for an instance of User[0m
      [36m# ./spec/system/02_after_login_spec.rb:4:in `block (2 levels) in <main>'[0m

  81) [STEP2] ユーザログイン後のテスト ユーザ一覧画面のテスト サイドバーの確認 titleフォームに値が入っていない
      [31mFailure/Error: let!(:user) { create(:user) }[0m
      [31m[0m
      [31mNoMethodError:[0m
      [31m  undefined method `introduction=' for an instance of User[0m
      [36m# ./spec/system/02_after_login_spec.rb:4:in `block (2 levels) in <main>'[0m

  82) [STEP2] ユーザログイン後のテスト ユーザ一覧画面のテスト サイドバーの確認 bodyフォームが表示される
      [31mFailure/Error: let!(:user) { create(:user) }[0m
      [31m[0m
      [31mNoMethodError:[0m
      [31m  undefined method `introduction=' for an instance of User[0m
      [36m# ./spec/system/02_after_login_spec.rb:4:in `block (2 levels) in <main>'[0m

  83) [STEP2] ユーザログイン後のテスト ユーザ一覧画面のテスト サイドバーの確認 bodyフォームに値が入っていない
      [31mFailure/Error: let!(:user) { create(:user) }[0m
      [31m[0m
      [31mNoMethodError:[0m
      [31m  undefined method `introduction=' for an instance of User[0m
      [36m# ./spec/system/02_after_login_spec.rb:4:in `block (2 levels) in <main>'[0m

  84) [STEP2] ユーザログイン後のテスト ユーザ一覧画面のテスト サイドバーの確認 Create Bookボタンが表示される
      [31mFailure/Error: let!(:user) { create(:user) }[0m
      [31m[0m
      [31mNoMethodError:[0m
      [31m  undefined method `introduction=' for an instance of User[0m
      [36m# ./spec/system/02_after_login_spec.rb:4:in `block (2 levels) in <main>'[0m

  85) [STEP2] ユーザログイン後のテスト 自分のユーザ詳細画面のテスト 表示の確認 URLが正しい
      [31mFailure/Error: let!(:user) { create(:user) }[0m
      [31m[0m
      [31mNoMethodError:[0m
      [31m  undefined method `introduction=' for an instance of User[0m
      [36m# ./spec/system/02_after_login_spec.rb:4:in `block (2 levels) in <main>'[0m

  86) [STEP2] ユーザログイン後のテスト 自分のユーザ詳細画面のテスト 表示の確認 投稿一覧のユーザ画像のリンク先が正しい
      [31mFailure/Error: let!(:user) { create(:user) }[0m
      [31m[0m
      [31mNoMethodError:[0m
      [31m  undefined method `introduction=' for an instance of User[0m
      [36m# ./spec/system/02_after_login_spec.rb:4:in `block (2 levels) in <main>'[0m

  87) [STEP2] ユーザログイン後のテスト 自分のユーザ詳細画面のテスト 表示の確認 投稿一覧に自分の投稿のtitleが表示され、リンクが正しい
      [31mFailure/Error: let!(:user) { create(:user) }[0m
      [31m[0m
      [31mNoMethodError:[0m
      [31m  undefined method `introduction=' for an instance of User[0m
      [36m# ./spec/system/02_after_login_spec.rb:4:in `block (2 levels) in <main>'[0m

  88) [STEP2] ユーザログイン後のテスト 自分のユーザ詳細画面のテスト 表示の確認 投稿一覧に自分の投稿のbodyが表示される
      [31mFailure/Error: let!(:user) { create(:user) }[0m
      [31m[0m
      [31mNoMethodError:[0m
      [31m  undefined method `introduction=' for an instance of User[0m
      [36m# ./spec/system/02_after_login_spec.rb:4:in `block (2 levels) in <main>'[0m

  89) [STEP2] ユーザログイン後のテスト 自分のユーザ詳細画面のテスト 表示の確認 他人の投稿は表示されない
      [31mFailure/Error: let!(:user) { create(:user) }[0m
      [31m[0m
      [31mNoMethodError:[0m
      [31m  undefined method `introduction=' for an instance of User[0m
      [36m# ./spec/system/02_after_login_spec.rb:4:in `block (2 levels) in <main>'[0m

  90) [STEP2] ユーザログイン後のテスト 自分のユーザ詳細画面のテスト サイドバーの確認 自分の名前と紹介文が表示される
      [31mFailure/Error: let!(:user) { create(:user) }[0m
      [31m[0m
      [31mNoMethodError:[0m
      [31m  undefined method `introduction=' for an instance of User[0m
      [36m# ./spec/system/02_after_login_spec.rb:4:in `block (2 levels) in <main>'[0m

  91) [STEP2] ユーザログイン後のテスト 自分のユーザ詳細画面のテスト サイドバーの確認 自分のユーザ編集画面へのリンクが存在する
      [31mFailure/Error: let!(:user) { create(:user) }[0m
      [31m[0m
      [31mNoMethodError:[0m
      [31m  undefined method `introduction=' for an instance of User[0m
      [36m# ./spec/system/02_after_login_spec.rb:4:in `block (2 levels) in <main>'[0m

  92) [STEP2] ユーザログイン後のテスト 自分のユーザ詳細画面のテスト サイドバーの確認 「New book」と表示される
      [31mFailure/Error: let!(:user) { create(:user) }[0m
      [31m[0m
      [31mNoMethodError:[0m
      [31m  undefined method `introduction=' for an instance of User[0m
      [36m# ./spec/system/02_after_login_spec.rb:4:in `block (2 levels) in <main>'[0m

  93) [STEP2] ユーザログイン後のテスト 自分のユーザ詳細画面のテスト サイドバーの確認 titleフォームが表示される
      [31mFailure/Error: let!(:user) { create(:user) }[0m
      [31m[0m
      [31mNoMethodError:[0m
      [31m  undefined method `introduction=' for an instance of User[0m
      [36m# ./spec/system/02_after_login_spec.rb:4:in `block (2 levels) in <main>'[0m

  94) [STEP2] ユーザログイン後のテスト 自分のユーザ詳細画面のテスト サイドバーの確認 titleフォームに値が入っていない
      [31mFailure/Error: let!(:user) { create(:user) }[0m
      [31m[0m
      [31mNoMethodError:[0m
      [31m  undefined method `introduction=' for an instance of User[0m
      [36m# ./spec/system/02_after_login_spec.rb:4:in `block (2 levels) in <main>'[0m

  95) [STEP2] ユーザログイン後のテスト 自分のユーザ詳細画面のテスト サイドバーの確認 bodyフォームが表示される
      [31mFailure/Error: let!(:user) { create(:user) }[0m
      [31m[0m
      [31mNoMethodError:[0m
      [31m  undefined method `introduction=' for an instance of User[0m
      [36m# ./spec/system/02_after_login_spec.rb:4:in `block (2 levels) in <main>'[0m

  96) [STEP2] ユーザログイン後のテスト 自分のユーザ詳細画面のテスト サイドバーの確認 bodyフォームに値が入っていない
      [31mFailure/Error: let!(:user) { create(:user) }[0m
      [31m[0m
      [31mNoMethodError:[0m
      [31m  undefined method `introduction=' for an instance of User[0m
      [36m# ./spec/system/02_after_login_spec.rb:4:in `block (2 levels) in <main>'[0m

  97) [STEP2] ユーザログイン後のテスト 自分のユーザ詳細画面のテスト サイドバーの確認 Create Bookボタンが表示される
      [31mFailure/Error: let!(:user) { create(:user) }[0m
      [31m[0m
      [31mNoMethodError:[0m
      [31m  undefined method `introduction=' for an instance of User[0m
      [36m# ./spec/system/02_after_login_spec.rb:4:in `block (2 levels) in <main>'[0m

  98) [STEP2] ユーザログイン後のテスト 自分のユーザ情報編集画面のテスト 表示の確認 URLが正しい
      [31mFailure/Error: let!(:user) { create(:user) }[0m
      [31m[0m
      [31mNoMethodError:[0m
      [31m  undefined method `introduction=' for an instance of User[0m
      [36m# ./spec/system/02_after_login_spec.rb:4:in `block (2 levels) in <main>'[0m

  99) [STEP2] ユーザログイン後のテスト 自分のユーザ情報編集画面のテスト 表示の確認 名前編集フォームに自分の名前が表示される
      [31mFailure/Error: let!(:user) { create(:user) }[0m
      [31m[0m
      [31mNoMethodError:[0m
      [31m  undefined method `introduction=' for an instance of User[0m
      [36m# ./spec/system/02_after_login_spec.rb:4:in `block (2 levels) in <main>'[0m

  100) [STEP2] ユーザログイン後のテスト 自分のユーザ情報編集画面のテスト 表示の確認 画像編集フォームが表示される
       [31mFailure/Error: let!(:user) { create(:user) }[0m
       [31m[0m
       [31mNoMethodError:[0m
       [31m  undefined method `introduction=' for an instance of User[0m
       [36m# ./spec/system/02_after_login_spec.rb:4:in `block (2 levels) in <main>'[0m

  101) [STEP2] ユーザログイン後のテスト 自分のユーザ情報編集画面のテスト 表示の確認 自己紹介編集フォームに自分の自己紹介文が表示される
       [31mFailure/Error: let!(:user) { create(:user) }[0m
       [31m[0m
       [31mNoMethodError:[0m
       [31m  undefined method `introduction=' for an instance of User[0m
       [36m# ./spec/system/02_after_login_spec.rb:4:in `block (2 levels) in <main>'[0m

  102) [STEP2] ユーザログイン後のテスト 自分のユーザ情報編集画面のテスト 表示の確認 Update Userボタンが表示される
       [31mFailure/Error: let!(:user) { create(:user) }[0m
       [31m[0m
       [31mNoMethodError:[0m
       [31m  undefined method `introduction=' for an instance of User[0m
       [36m# ./spec/system/02_after_login_spec.rb:4:in `block (2 levels) in <main>'[0m

  103) [STEP2] ユーザログイン後のテスト 自分のユーザ情報編集画面のテスト 更新成功のテスト nameが正しく更新される
       [31mFailure/Error: let!(:user) { create(:user) }[0m
       [31m[0m
       [31mNoMethodError:[0m
       [31m  undefined method `introduction=' for an instance of User[0m
       [36m# ./spec/system/02_after_login_spec.rb:4:in `block (2 levels) in <main>'[0m

  104) [STEP2] ユーザログイン後のテスト 自分のユーザ情報編集画面のテスト 更新成功のテスト introductionが正しく更新される
       [31mFailure/Error: let!(:user) { create(:user) }[0m
       [31m[0m
       [31mNoMethodError:[0m
       [31m  undefined method `introduction=' for an instance of User[0m
       [36m# ./spec/system/02_after_login_spec.rb:4:in `block (2 levels) in <main>'[0m

  105) [STEP2] ユーザログイン後のテスト 自分のユーザ情報編集画面のテスト 更新成功のテスト リダイレクト先が、自分のユーザ詳細画面になっている
       [31mFailure/Error: let!(:user) { create(:user) }[0m
       [31m[0m
       [31mNoMethodError:[0m
       [31m  undefined method `introduction=' for an instance of User[0m
       [36m# ./spec/system/02_after_login_spec.rb:4:in `block (2 levels) in <main>'[0m

  106) [STEP3] 仕上げのテスト サクセスメッセージのテスト ユーザ新規登録成功時
       [31mFailure/Error: let!(:user) { create(:user) }[0m
       [31m[0m
       [31mNoMethodError:[0m
       [31m  undefined method `introduction=' for an instance of User[0m
       [36m# ./spec/system/03_finishing_touches_spec.rb:4:in `block (2 levels) in <main>'[0m

  107) [STEP3] 仕上げのテスト サクセスメッセージのテスト ユーザログイン成功時
       [31mFailure/Error: let!(:user) { create(:user) }[0m
       [31m[0m
       [31mNoMethodError:[0m
       [31m  undefined method `introduction=' for an instance of User[0m
       [36m# ./spec/system/03_finishing_touches_spec.rb:4:in `block (2 levels) in <main>'[0m

  108) [STEP3] 仕上げのテスト サクセスメッセージのテスト ユーザログアウト成功時
       [31mFailure/Error: let!(:user) { create(:user) }[0m
       [31m[0m
       [31mNoMethodError:[0m
       [31m  undefined method `introduction=' for an instance of User[0m
       [36m# ./spec/system/03_finishing_touches_spec.rb:4:in `block (2 levels) in <main>'[0m

  109) [STEP3] 仕上げのテスト サクセスメッセージのテスト ユーザのプロフィール情報更新成功時
       [31mFailure/Error: let!(:user) { create(:user) }[0m
       [31m[0m
       [31mNoMethodError:[0m
       [31m  undefined method `introduction=' for an instance of User[0m
       [36m# ./spec/system/03_finishing_touches_spec.rb:4:in `block (2 levels) in <main>'[0m

  110) [STEP3] 仕上げのテスト サクセスメッセージのテスト 投稿データの新規投稿成功時: 投稿一覧画面から行います。
       [31mFailure/Error: let!(:user) { create(:user) }[0m
       [31m[0m
       [31mNoMethodError:[0m
       [31m  undefined method `introduction=' for an instance of User[0m
       [36m# ./spec/system/03_finishing_touches_spec.rb:4:in `block (2 levels) in <main>'[0m

  111) [STEP3] 仕上げのテスト サクセスメッセージのテスト 投稿データの更新成功時
       [31mFailure/Error: let!(:user) { create(:user) }[0m
       [31m[0m
       [31mNoMethodError:[0m
       [31m  undefined method `introduction=' for an instance of User[0m
       [36m# ./spec/system/03_finishing_touches_spec.rb:4:in `block (2 levels) in <main>'[0m

  112) [STEP3] 仕上げのテスト 処理失敗時のテスト ユーザ新規登録失敗: nameを1文字にする 新規登録されない
       [31mFailure/Error: let!(:user) { create(:user) }[0m
       [31m[0m
       [31mNoMethodError:[0m
       [31m  undefined method `introduction=' for an instance of User[0m
       [36m# ./spec/system/03_finishing_touches_spec.rb:4:in `block (2 levels) in <main>'[0m

  113) [STEP3] 仕上げのテスト 処理失敗時のテスト ユーザ新規登録失敗: nameを1文字にする 新規登録画面を表示しており、フォームの内容が正しい
       [31mFailure/Error: let!(:user) { create(:user) }[0m
       [31m[0m
       [31mNoMethodError:[0m
       [31m  undefined method `introduction=' for an instance of User[0m
       [36m# ./spec/system/03_finishing_touches_spec.rb:4:in `block (2 levels) in <main>'[0m

  114) [STEP3] 仕上げのテスト 処理失敗時のテスト ユーザ新規登録失敗: nameを1文字にする バリデーションエラーが表示される
       [31mFailure/Error: let!(:user) { create(:user) }[0m
       [31m[0m
       [31mNoMethodError:[0m
       [31m  undefined method `introduction=' for an instance of User[0m
       [36m# ./spec/system/03_finishing_touches_spec.rb:4:in `block (2 levels) in <main>'[0m

  115) [STEP3] 仕上げのテスト 処理失敗時のテスト ユーザのプロフィール情報編集失敗: nameを1文字にする 更新されない
       [31mFailure/Error: let!(:user) { create(:user) }[0m
       [31m[0m
       [31mNoMethodError:[0m
       [31m  undefined method `introduction=' for an instance of User[0m
       [36m# ./spec/system/03_finishing_touches_spec.rb:4:in `block (2 levels) in <main>'[0m

  116) [STEP3] 仕上げのテスト 処理失敗時のテスト ユーザのプロフィール情報編集失敗: nameを1文字にする ユーザ編集画面を表示しており、フォームの内容が正しい
       [31mFailure/Error: let!(:user) { create(:user) }[0m
       [31m[0m
       [31mNoMethodError:[0m
       [31m  undefined method `introduction=' for an instance of User[0m
       [36m# ./spec/system/03_finishing_touches_spec.rb:4:in `block (2 levels) in <main>'[0m

  117) [STEP3] 仕上げのテスト 処理失敗時のテスト ユーザのプロフィール情報編集失敗: nameを1文字にする バリデーションエラーが表示される
       [31mFailure/Error: let!(:user) { create(:user) }[0m
       [31m[0m
       [31mNoMethodError:[0m
       [31m  undefined method `introduction=' for an instance of User[0m
       [36m# ./spec/system/03_finishing_touches_spec.rb:4:in `block (2 levels) in <main>'[0m

  118) [STEP3] 仕上げのテスト 処理失敗時のテスト 投稿データの新規投稿失敗: 投稿一覧画面から行い、titleを空にする 投稿が保存されない
       [31mFailure/Error: let!(:user) { create(:user) }[0m
       [31m[0m
       [31mNoMethodError:[0m
       [31m  undefined method `introduction=' for an instance of User[0m
       [36m# ./spec/system/03_finishing_touches_spec.rb:4:in `block (2 levels) in <main>'[0m

  119) [STEP3] 仕上げのテスト 処理失敗時のテスト 投稿データの新規投稿失敗: 投稿一覧画面から行い、titleを空にする 投稿一覧画面を表示している
       [31mFailure/Error: let!(:user) { create(:user) }[0m
       [31m[0m
       [31mNoMethodError:[0m
       [31m  undefined method `introduction=' for an instance of User[0m
       [36m# ./spec/system/03_finishing_touches_spec.rb:4:in `block (2 levels) in <main>'[0m

  120) [STEP3] 仕上げのテスト 処理失敗時のテスト 投稿データの新規投稿失敗: 投稿一覧画面から行い、titleを空にする 新規投稿フォームの内容が正しい
       [31mFailure/Error: let!(:user) { create(:user) }[0m
       [31m[0m
       [31mNoMethodError:[0m
       [31m  undefined method `introduction=' for an instance of User[0m
       [36m# ./spec/system/03_finishing_touches_spec.rb:4:in `block (2 levels) in <main>'[0m

  121) [STEP3] 仕上げのテスト 処理失敗時のテスト 投稿データの新規投稿失敗: 投稿一覧画面から行い、titleを空にする バリデーションエラーが表示される
       [31mFailure/Error: let!(:user) { create(:user) }[0m
       [31m[0m
       [31mNoMethodError:[0m
       [31m  undefined method `introduction=' for an instance of User[0m
       [36m# ./spec/system/03_finishing_touches_spec.rb:4:in `block (2 levels) in <main>'[0m

  122) [STEP3] 仕上げのテスト 処理失敗時のテスト 投稿データの更新失敗: titleを空にする 投稿が更新されない
       [31mFailure/Error: let!(:user) { create(:user) }[0m
       [31m[0m
       [31mNoMethodError:[0m
       [31m  undefined method `introduction=' for an instance of User[0m
       [36m# ./spec/system/03_finishing_touches_spec.rb:4:in `block (2 levels) in <main>'[0m

  123) [STEP3] 仕上げのテスト 処理失敗時のテスト 投稿データの更新失敗: titleを空にする 投稿編集画面を表示しており、フォームの内容が正しい
       [31mFailure/Error: let!(:user) { create(:user) }[0m
       [31m[0m
       [31mNoMethodError:[0m
       [31m  undefined method `introduction=' for an instance of User[0m
       [36m# ./spec/system/03_finishing_touches_spec.rb:4:in `block (2 levels) in <main>'[0m

  124) [STEP3] 仕上げのテスト 処理失敗時のテスト 投稿データの更新失敗: titleを空にする エラーメッセージが表示される
       [31mFailure/Error: let!(:user) { create(:user) }[0m
       [31m[0m
       [31mNoMethodError:[0m
       [31m  undefined method `introduction=' for an instance of User[0m
       [36m# ./spec/system/03_finishing_touches_spec.rb:4:in `block (2 levels) in <main>'[0m

  125) [STEP3] 仕上げのテスト ログインしていない場合のアクセス制限のテスト: アクセスできず、ログイン画面に遷移する ユーザ一覧画面
       [31mFailure/Error: let!(:user) { create(:user) }[0m
       [31m[0m
       [31mNoMethodError:[0m
       [31m  undefined method `introduction=' for an instance of User[0m
       [36m# ./spec/system/03_finishing_touches_spec.rb:4:in `block (2 levels) in <main>'[0m

  126) [STEP3] 仕上げのテスト ログインしていない場合のアクセス制限のテスト: アクセスできず、ログイン画面に遷移する ユーザ詳細画面
       [31mFailure/Error: let!(:user) { create(:user) }[0m
       [31m[0m
       [31mNoMethodError:[0m
       [31m  undefined method `introduction=' for an instance of User[0m
       [36m# ./spec/system/03_finishing_touches_spec.rb:4:in `block (2 levels) in <main>'[0m

  127) [STEP3] 仕上げのテスト ログインしていない場合のアクセス制限のテスト: アクセスできず、ログイン画面に遷移する ユーザ情報編集画面
       [31mFailure/Error: let!(:user) { create(:user) }[0m
       [31m[0m
       [31mNoMethodError:[0m
       [31m  undefined method `introduction=' for an instance of User[0m
       [36m# ./spec/system/03_finishing_touches_spec.rb:4:in `block (2 levels) in <main>'[0m

  128) [STEP3] 仕上げのテスト ログインしていない場合のアクセス制限のテスト: アクセスできず、ログイン画面に遷移する 投稿一覧画面
       [31mFailure/Error: let!(:user) { create(:user) }[0m
       [31m[0m
       [31mNoMethodError:[0m
       [31m  undefined method `introduction=' for an instance of User[0m
       [36m# ./spec/system/03_finishing_touches_spec.rb:4:in `block (2 levels) in <main>'[0m

  129) [STEP3] 仕上げのテスト ログインしていない場合のアクセス制限のテスト: アクセスできず、ログイン画面に遷移する 投稿詳細画面
       [31mFailure/Error: let!(:user) { create(:user) }[0m
       [31m[0m
       [31mNoMethodError:[0m
       [31m  undefined method `introduction=' for an instance of User[0m
       [36m# ./spec/system/03_finishing_touches_spec.rb:4:in `block (2 levels) in <main>'[0m

  130) [STEP3] 仕上げのテスト ログインしていない場合のアクセス制限のテスト: アクセスできず、ログイン画面に遷移する 投稿編集画面
       [31mFailure/Error: let!(:user) { create(:user) }[0m
       [31m[0m
       [31mNoMethodError:[0m
       [31m  undefined method `introduction=' for an instance of User[0m
       [36m# ./spec/system/03_finishing_touches_spec.rb:4:in `block (2 levels) in <main>'[0m

  131) [STEP3] 仕上げのテスト 他人の画面のテスト 他人の投稿詳細画面のテスト 表示内容の確認 URLが正しい
       [31mFailure/Error: let!(:user) { create(:user) }[0m
       [31m[0m
       [31mNoMethodError:[0m
       [31m  undefined method `introduction=' for an instance of User[0m
       [36m# ./spec/system/03_finishing_touches_spec.rb:4:in `block (2 levels) in <main>'[0m

  132) [STEP3] 仕上げのテスト 他人の画面のテスト 他人の投稿詳細画面のテスト 表示内容の確認 「Book detail」と表示される
       [31mFailure/Error: let!(:user) { create(:user) }[0m
       [31m[0m
       [31mNoMethodError:[0m
       [31m  undefined method `introduction=' for an instance of User[0m
       [36m# ./spec/system/03_finishing_touches_spec.rb:4:in `block (2 levels) in <main>'[0m

  133) [STEP3] 仕上げのテスト 他人の画面のテスト 他人の投稿詳細画面のテスト 表示内容の確認 ユーザ画像・名前のリンク先が正しい
       [31mFailure/Error: let!(:user) { create(:user) }[0m
       [31m[0m
       [31mNoMethodError:[0m
       [31m  undefined method `introduction=' for an instance of User[0m
       [36m# ./spec/system/03_finishing_touches_spec.rb:4:in `block (2 levels) in <main>'[0m

  134) [STEP3] 仕上げのテスト 他人の画面のテスト 他人の投稿詳細画面のテスト 表示内容の確認 投稿のtitleが表示される
       [31mFailure/Error: let!(:user) { create(:user) }[0m
       [31m[0m
       [31mNoMethodError:[0m
       [31m  undefined method `introduction=' for an instance of User[0m
       [36m# ./spec/system/03_finishing_touches_spec.rb:4:in `block (2 levels) in <main>'[0m

  135) [STEP3] 仕上げのテスト 他人の画面のテスト 他人の投稿詳細画面のテスト 表示内容の確認 投稿のopinionが表示される
       [31mFailure/Error: let!(:user) { create(:user) }[0m
       [31m[0m
       [31mNoMethodError:[0m
       [31m  undefined method `introduction=' for an instance of User[0m
       [36m# ./spec/system/03_finishing_touches_spec.rb:4:in `block (2 levels) in <main>'[0m

  136) [STEP3] 仕上げのテスト 他人の画面のテスト 他人の投稿詳細画面のテスト 表示内容の確認 投稿の編集リンクが表示されない
       [31mFailure/Error: let!(:user) { create(:user) }[0m
       [31m[0m
       [31mNoMethodError:[0m
       [31m  undefined method `introduction=' for an instance of User[0m
       [36m# ./spec/system/03_finishing_touches_spec.rb:4:in `block (2 levels) in <main>'[0m

  137) [STEP3] 仕上げのテスト 他人の画面のテスト 他人の投稿詳細画面のテスト 表示内容の確認 投稿の削除リンクが表示されない
       [31mFailure/Error: let!(:user) { create(:user) }[0m
       [31m[0m
       [31mNoMethodError:[0m
       [31m  undefined method `introduction=' for an instance of User[0m
       [36m# ./spec/system/03_finishing_touches_spec.rb:4:in `block (2 levels) in <main>'[0m

  138) [STEP3] 仕上げのテスト 他人の画面のテスト 他人の投稿詳細画面のテスト サイドバーの確認 他人の名前と紹介文が表示される
       [31mFailure/Error: let!(:user) { create(:user) }[0m
       [31m[0m
       [31mNoMethodError:[0m
       [31m  undefined method `introduction=' for an instance of User[0m
       [36m# ./spec/system/03_finishing_touches_spec.rb:4:in `block (2 levels) in <main>'[0m

  139) [STEP3] 仕上げのテスト 他人の画面のテスト 他人の投稿詳細画面のテスト サイドバーの確認 他人のユーザ編集画面へのリンクが存在する
       [31mFailure/Error: let!(:user) { create(:user) }[0m
       [31m[0m
       [31mNoMethodError:[0m
       [31m  undefined method `introduction=' for an instance of User[0m
       [36m# ./spec/system/03_finishing_touches_spec.rb:4:in `block (2 levels) in <main>'[0m

  140) [STEP3] 仕上げのテスト 他人の画面のテスト 他人の投稿詳細画面のテスト サイドバーの確認 自分の名前と紹介文は表示されない
       [31mFailure/Error: let!(:user) { create(:user) }[0m
       [31m[0m
       [31mNoMethodError:[0m
       [31m  undefined method `introduction=' for an instance of User[0m
       [36m# ./spec/system/03_finishing_touches_spec.rb:4:in `block (2 levels) in <main>'[0m

  141) [STEP3] 仕上げのテスト 他人の画面のテスト 他人の投稿詳細画面のテスト サイドバーの確認 自分のユーザ編集画面へのリンクは存在しない
       [31mFailure/Error: let!(:user) { create(:user) }[0m
       [31m[0m
       [31mNoMethodError:[0m
       [31m  undefined method `introduction=' for an instance of User[0m
       [36m# ./spec/system/03_finishing_touches_spec.rb:4:in `block (2 levels) in <main>'[0m

  142) [STEP3] 仕上げのテスト 他人の画面のテスト 他人の投稿編集画面 遷移できず、投稿一覧画面にリダイレクトされる
       [31mFailure/Error: let!(:user) { create(:user) }[0m
       [31m[0m
       [31mNoMethodError:[0m
       [31m  undefined method `introduction=' for an instance of User[0m
       [36m# ./spec/system/03_finishing_touches_spec.rb:4:in `block (2 levels) in <main>'[0m

  143) [STEP3] 仕上げのテスト 他人の画面のテスト 他人のユーザ詳細画面のテスト 表示の確認 URLが正しい
       [31mFailure/Error: let!(:user) { create(:user) }[0m
       [31m[0m
       [31mNoMethodError:[0m
       [31m  undefined method `introduction=' for an instance of User[0m
       [36m# ./spec/system/03_finishing_touches_spec.rb:4:in `block (2 levels) in <main>'[0m

  144) [STEP3] 仕上げのテスト 他人の画面のテスト 他人のユーザ詳細画面のテスト 表示の確認 投稿一覧のユーザ画像のリンク先が正しい
       [31mFailure/Error: let!(:user) { create(:user) }[0m
       [31m[0m
       [31mNoMethodError:[0m
       [31m  undefined method `introduction=' for an instance of User[0m
       [36m# ./spec/system/03_finishing_touches_spec.rb:4:in `block (2 levels) in <main>'[0m

  145) [STEP3] 仕上げのテスト 他人の画面のテスト 他人のユーザ詳細画面のテスト 表示の確認 投稿一覧に他人の投稿のtitleが表示され、リンクが正しい
       [31mFailure/Error: let!(:user) { create(:user) }[0m
       [31m[0m
       [31mNoMethodError:[0m
       [31m  undefined method `introduction=' for an instance of User[0m
       [36m# ./spec/system/03_finishing_touches_spec.rb:4:in `block (2 levels) in <main>'[0m

  146) [STEP3] 仕上げのテスト 他人の画面のテスト 他人のユーザ詳細画面のテスト 表示の確認 投稿一覧に他人の投稿のopinionが表示される
       [31mFailure/Error: let!(:user) { create(:user) }[0m
       [31m[0m
       [31mNoMethodError:[0m
       [31m  undefined method `introduction=' for an instance of User[0m
       [36m# ./spec/system/03_finishing_touches_spec.rb:4:in `block (2 levels) in <main>'[0m

  147) [STEP3] 仕上げのテスト 他人の画面のテスト 他人のユーザ詳細画面のテスト 表示の確認 自分の投稿は表示されない
       [31mFailure/Error: let!(:user) { create(:user) }[0m
       [31m[0m
       [31mNoMethodError:[0m
       [31m  undefined method `introduction=' for an instance of User[0m
       [36m# ./spec/system/03_finishing_touches_spec.rb:4:in `block (2 levels) in <main>'[0m

  148) [STEP3] 仕上げのテスト 他人の画面のテスト 他人のユーザ詳細画面のテスト サイドバーの確認 他人の名前と紹介文が表示される
       [31mFailure/Error: let!(:user) { create(:user) }[0m
       [31m[0m
       [31mNoMethodError:[0m
       [31m  undefined method `introduction=' for an instance of User[0m
       [36m# ./spec/system/03_finishing_touches_spec.rb:4:in `block (2 levels) in <main>'[0m

  149) [STEP3] 仕上げのテスト 他人の画面のテスト 他人のユーザ詳細画面のテスト サイドバーの確認 他人のユーザ編集画面へのリンクが存在する
       [31mFailure/Error: let!(:user) { create(:user) }[0m
       [31m[0m
       [31mNoMethodError:[0m
       [31m  undefined method `introduction=' for an instance of User[0m
       [36m# ./spec/system/03_finishing_touches_spec.rb:4:in `block (2 levels) in <main>'[0m

  150) [STEP3] 仕上げのテスト 他人の画面のテスト 他人のユーザ詳細画面のテスト サイドバーの確認 自分の名前と紹介文は表示されない
       [31mFailure/Error: let!(:user) { create(:user) }[0m
       [31m[0m
       [31mNoMethodError:[0m
       [31m  undefined method `introduction=' for an instance of User[0m
       [36m# ./spec/system/03_finishing_touches_spec.rb:4:in `block (2 levels) in <main>'[0m

  151) [STEP3] 仕上げのテスト 他人の画面のテスト 他人のユーザ詳細画面のテスト サイドバーの確認 自分のユーザ編集画面へのリンクは存在しない
       [31mFailure/Error: let!(:user) { create(:user) }[0m
       [31m[0m
       [31mNoMethodError:[0m
       [31m  undefined method `introduction=' for an instance of User[0m
       [36m# ./spec/system/03_finishing_touches_spec.rb:4:in `block (2 levels) in <main>'[0m

  152) [STEP3] 仕上げのテスト 他人の画面のテスト 他人のユーザ情報編集画面 遷移できず、自分のユーザ詳細画面にリダイレクトされる
       [31mFailure/Error: let!(:user) { create(:user) }[0m
       [31m[0m
       [31mNoMethodError:[0m
       [31m  undefined method `introduction=' for an instance of User[0m
       [36m# ./spec/system/03_finishing_touches_spec.rb:4:in `block (2 levels) in <main>'[0m

  153) [STEP3] 仕上げのテスト グリッドシステムのテスト: container, row, col-md-〇を正しく使えている ユーザ一覧画面
       [31mFailure/Error: let!(:user) { create(:user) }[0m
       [31m[0m
       [31mNoMethodError:[0m
       [31m  undefined method `introduction=' for an instance of User[0m
       [36m# ./spec/system/03_finishing_touches_spec.rb:4:in `block (2 levels) in <main>'[0m

  154) [STEP3] 仕上げのテスト グリッドシステムのテスト: container, row, col-md-〇を正しく使えている ユーザ詳細画面
       [31mFailure/Error: let!(:user) { create(:user) }[0m
       [31m[0m
       [31mNoMethodError:[0m
       [31m  undefined method `introduction=' for an instance of User[0m
       [36m# ./spec/system/03_finishing_touches_spec.rb:4:in `block (2 levels) in <main>'[0m

  155) [STEP3] 仕上げのテスト グリッドシステムのテスト: container, row, col-md-〇を正しく使えている 投稿一覧画面
       [31mFailure/Error: let!(:user) { create(:user) }[0m
       [31m[0m
       [31mNoMethodError:[0m
       [31m  undefined method `introduction=' for an instance of User[0m
       [36m# ./spec/system/03_finishing_touches_spec.rb:4:in `block (2 levels) in <main>'[0m

  156) [STEP3] 仕上げのテスト グリッドシステムのテスト: container, row, col-md-〇を正しく使えている 投稿詳細画面
       [31mFailure/Error: let!(:user) { create(:user) }[0m
       [31m[0m
       [31mNoMethodError:[0m
       [31m  undefined method `introduction=' for an instance of User[0m
       [36m# ./spec/system/03_finishing_touches_spec.rb:4:in `block (2 levels) in <main>'[0m

  157) [STEP3] 仕上げのテスト アイコンのテスト トップ画面 本のアイコンが表示される
       [31mFailure/Error: let!(:user) { create(:user) }[0m
       [31m[0m
       [31mNoMethodError:[0m
       [31m  undefined method `introduction=' for an instance of User[0m
       [36m# ./spec/system/03_finishing_touches_spec.rb:4:in `block (2 levels) in <main>'[0m

  158) [STEP3] 仕上げのテスト アイコンのテスト アバウト画面 本のアイコンが表示される
       [31mFailure/Error: let!(:user) { create(:user) }[0m
       [31m[0m
       [31mNoMethodError:[0m
       [31m  undefined method `introduction=' for an instance of User[0m
       [36m# ./spec/system/03_finishing_touches_spec.rb:4:in `block (2 levels) in <main>'[0m

  159) [STEP3] 仕上げのテスト アイコンのテスト ヘッダー: ログインしていない場合 Homeリンクのアイコンが表示される
       [31mFailure/Error: let!(:user) { create(:user) }[0m
       [31m[0m
       [31mNoMethodError:[0m
       [31m  undefined method `introduction=' for an instance of User[0m
       [36m# ./spec/system/03_finishing_touches_spec.rb:4:in `block (2 levels) in <main>'[0m

  160) [STEP3] 仕上げのテスト アイコンのテスト ヘッダー: ログインしていない場合 Aboutリンクのアイコンが表示される
       [31mFailure/Error: let!(:user) { create(:user) }[0m
       [31m[0m
       [31mNoMethodError:[0m
       [31m  undefined method `introduction=' for an instance of User[0m
       [36m# ./spec/system/03_finishing_touches_spec.rb:4:in `block (2 levels) in <main>'[0m

  161) [STEP3] 仕上げのテスト アイコンのテスト ヘッダー: ログインしていない場合 Sign upリンクのアイコンが表示される
       [31mFailure/Error: let!(:user) { create(:user) }[0m
       [31m[0m
       [31mNoMethodError:[0m
       [31m  undefined method `introduction=' for an instance of User[0m
       [36m# ./spec/system/03_finishing_touches_spec.rb:4:in `block (2 levels) in <main>'[0m

  162) [STEP3] 仕上げのテスト アイコンのテスト ヘッダー: ログインしていない場合 Log inリンクのアイコンが表示される
       [31mFailure/Error: let!(:user) { create(:user) }[0m
       [31m[0m
       [31mNoMethodError:[0m
       [31m  undefined method `introduction=' for an instance of User[0m
       [36m# ./spec/system/03_finishing_touches_spec.rb:4:in `block (2 levels) in <main>'[0m

  163) [STEP3] 仕上げのテスト アイコンのテスト ヘッダー: ログインしている場合 Homeリンクのアイコンが表示される
       [31mFailure/Error: let!(:user) { create(:user) }[0m
       [31m[0m
       [31mNoMethodError:[0m
       [31m  undefined method `introduction=' for an instance of User[0m
       [36m# ./spec/system/03_finishing_touches_spec.rb:4:in `block (2 levels) in <main>'[0m

  164) [STEP3] 仕上げのテスト アイコンのテスト ヘッダー: ログインしている場合 Usersリンクのアイコンが表示される
       [31mFailure/Error: let!(:user) { create(:user) }[0m
       [31m[0m
       [31mNoMethodError:[0m
       [31m  undefined method `introduction=' for an instance of User[0m
       [36m# ./spec/system/03_finishing_touches_spec.rb:4:in `block (2 levels) in <main>'[0m

  165) [STEP3] 仕上げのテスト アイコンのテスト ヘッダー: ログインしている場合 Booksリンクのアイコンが表示される
       [31mFailure/Error: let!(:user) { create(:user) }[0m
       [31m[0m
       [31mNoMethodError:[0m
       [31m  undefined method `introduction=' for an instance of User[0m
       [36m# ./spec/system/03_finishing_touches_spec.rb:4:in `block (2 levels) in <main>'[0m

  166) [STEP3] 仕上げのテスト アイコンのテスト ヘッダー: ログインしている場合 Log outリンクのアイコンが表示される
       [31mFailure/Error: let!(:user) { create(:user) }[0m
       [31m[0m
       [31mNoMethodError:[0m
       [31m  undefined method `introduction=' for an instance of User[0m
       [36m# ./spec/system/03_finishing_touches_spec.rb:4:in `block (2 levels) in <main>'[0m

  167) [STEP3] 仕上げのテスト アイコンのテスト サイドバー ユーザ一覧画面でレンチアイコンが表示される
       [31mFailure/Error: let!(:user) { create(:user) }[0m
       [31m[0m
       [31mNoMethodError:[0m
       [31m  undefined method `introduction=' for an instance of User[0m
       [36m# ./spec/system/03_finishing_touches_spec.rb:4:in `block (2 levels) in <main>'[0m

  168) [STEP3] 仕上げのテスト アイコンのテスト サイドバー ユーザ詳細画面でレンチアイコンが表示される
       [31mFailure/Error: let!(:user) { create(:user) }[0m
       [31m[0m
       [31mNoMethodError:[0m
       [31m  undefined method `introduction=' for an instance of User[0m
       [36m# ./spec/system/03_finishing_touches_spec.rb:4:in `block (2 levels) in <main>'[0m

  169) [STEP3] 仕上げのテスト アイコンのテスト サイドバー 投稿一覧画面でレンチアイコンが表示される
       [31mFailure/Error: let!(:user) { create(:user) }[0m
       [31m[0m
       [31mNoMethodError:[0m
       [31m  undefined method `introduction=' for an instance of User[0m
       [36m# ./spec/system/03_finishing_touches_spec.rb:4:in `block (2 levels) in <main>'[0m

  170) [STEP3] 仕上げのテスト アイコンのテスト サイドバー 投稿詳細画面でレンチアイコンが表示される
       [31mFailure/Error: let!(:user) { create(:user) }[0m
       [31m[0m
       [31mNoMethodError:[0m
       [31m  undefined method `introduction=' for an instance of User[0m
       [36m# ./spec/system/03_finishing_touches_spec.rb:4:in `block (2 levels) in <main>'[0m

  171) 投稿のテスト トップ画面(root_path)のテスト 表示の確認 トップ画面(root_path)に一覧ページへのリンクが表示されているか
       [31mFailure/Error: let!(:book) { create(:book,title:'hoge',body:'body') }[0m
       [31m[0m
       [31mNoMethodError:[0m
       [31m  undefined method `introduction=' for an instance of User[0m
       [36m# ./spec/system/books_spec.rb:4:in `block (2 levels) in <main>'[0m

  172) 投稿のテスト トップ画面(root_path)のテスト 表示の確認 root_pathが"/"であるか
       [31mFailure/Error: let!(:book) { create(:book,title:'hoge',body:'body') }[0m
       [31m[0m
       [31mNoMethodError:[0m
       [31m  undefined method `introduction=' for an instance of User[0m
       [36m# ./spec/system/books_spec.rb:4:in `block (2 levels) in <main>'[0m

  173) 投稿のテスト 一覧画面のテスト 一覧の表示とリンクの確認 bookの一覧表示(tableタグ)と投稿フォームが同一画面に表示されているか
       [31mFailure/Error: let!(:book) { create(:book,title:'hoge',body:'body') }[0m
       [31m[0m
       [31mNoMethodError:[0m
       [31m  undefined method `introduction=' for an instance of User[0m
       [36m# ./spec/system/books_spec.rb:4:in `block (2 levels) in <main>'[0m

  174) 投稿のテスト 一覧画面のテスト 一覧の表示とリンクの確認 bookのタイトルと感想を表示し、詳細・編集・削除のリンクが表示されているか
       [31mFailure/Error: let!(:book) { create(:book,title:'hoge',body:'body') }[0m
       [31m[0m
       [31mNoMethodError:[0m
       [31m  undefined method `introduction=' for an instance of User[0m
       [36m# ./spec/system/books_spec.rb:4:in `block (2 levels) in <main>'[0m

  175) 投稿のテスト 一覧画面のテスト 一覧の表示とリンクの確認 Create Bookボタンが表示される
       [31mFailure/Error: let!(:book) { create(:book,title:'hoge',body:'body') }[0m
       [31m[0m
       [31mNoMethodError:[0m
       [31m  undefined method `introduction=' for an instance of User[0m
       [36m# ./spec/system/books_spec.rb:4:in `block (2 levels) in <main>'[0m

  176) 投稿のテスト 一覧画面のテスト 投稿処理に関するテスト 投稿に成功しサクセスメッセージが表示されるか
       [31mFailure/Error: let!(:book) { create(:book,title:'hoge',body:'body') }[0m
       [31m[0m
       [31mNoMethodError:[0m
       [31m  undefined method `introduction=' for an instance of User[0m
       [36m# ./spec/system/books_spec.rb:4:in `block (2 levels) in <main>'[0m

  177) 投稿のテスト 一覧画面のテスト 投稿処理に関するテスト 投稿に失敗する
       [31mFailure/Error: let!(:book) { create(:book,title:'hoge',body:'body') }[0m
       [31m[0m
       [31mNoMethodError:[0m
       [31m  undefined method `introduction=' for an instance of User[0m
       [36m# ./spec/system/books_spec.rb:4:in `block (2 levels) in <main>'[0m

  178) 投稿のテスト 一覧画面のテスト 投稿処理に関するテスト 投稿後のリダイレクト先は正しいか
       [31mFailure/Error: let!(:book) { create(:book,title:'hoge',body:'body') }[0m
       [31m[0m
       [31mNoMethodError:[0m
       [31m  undefined method `introduction=' for an instance of User[0m
       [36m# ./spec/system/books_spec.rb:4:in `block (2 levels) in <main>'[0m

  179) 投稿のテスト 一覧画面のテスト book削除のテスト bookの削除
       [31mFailure/Error: let!(:book) { create(:book,title:'hoge',body:'body') }[0m
       [31m[0m
       [31mNoMethodError:[0m
       [31m  undefined method `introduction=' for an instance of User[0m
       [36m# ./spec/system/books_spec.rb:4:in `block (2 levels) in <main>'[0m

  180) 投稿のテスト 詳細画面のテスト 表示の確認 本のタイトルと感想が画面に表示されていること
       [31mFailure/Error: let!(:book) { create(:book,title:'hoge',body:'body') }[0m
       [31m[0m
       [31mNoMethodError:[0m
       [31m  undefined method `introduction=' for an instance of User[0m
       [36m# ./spec/system/books_spec.rb:4:in `block (2 levels) in <main>'[0m

  181) 投稿のテスト 詳細画面のテスト 表示の確認 Editリンクが表示される
       [31mFailure/Error: let!(:book) { create(:book,title:'hoge',body:'body') }[0m
       [31m[0m
       [31mNoMethodError:[0m
       [31m  undefined method `introduction=' for an instance of User[0m
       [36m# ./spec/system/books_spec.rb:4:in `block (2 levels) in <main>'[0m

  182) 投稿のテスト 詳細画面のテスト 表示の確認 Backリンクが表示される
       [31mFailure/Error: let!(:book) { create(:book,title:'hoge',body:'body') }[0m
       [31m[0m
       [31mNoMethodError:[0m
       [31m  undefined method `introduction=' for an instance of User[0m
       [36m# ./spec/system/books_spec.rb:4:in `block (2 levels) in <main>'[0m

  183) 投稿のテスト 詳細画面のテスト リンクの遷移先の確認 Editの遷移先は編集画面か
       [31mFailure/Error: let!(:book) { create(:book,title:'hoge',body:'body') }[0m
       [31m[0m
       [31mNoMethodError:[0m
       [31m  undefined method `introduction=' for an instance of User[0m
       [36m# ./spec/system/books_spec.rb:4:in `block (2 levels) in <main>'[0m

  184) 投稿のテスト 詳細画面のテスト リンクの遷移先の確認 Backの遷移先は一覧画面か
       [31mFailure/Error: let!(:book) { create(:book,title:'hoge',body:'body') }[0m
       [31m[0m
       [31mNoMethodError:[0m
       [31m  undefined method `introduction=' for an instance of User[0m
       [36m# ./spec/system/books_spec.rb:4:in `block (2 levels) in <main>'[0m

  185) 投稿のテスト 編集画面のテスト 表示の確認 編集前のタイトルと感想がフォームに表示(セット)されている
       [31mFailure/Error: let!(:book) { create(:book,title:'hoge',body:'body') }[0m
       [31m[0m
       [31mNoMethodError:[0m
       [31m  undefined method `introduction=' for an instance of User[0m
       [36m# ./spec/system/books_spec.rb:4:in `block (2 levels) in <main>'[0m

  186) 投稿のテスト 編集画面のテスト 表示の確認 Update Bookボタンが表示される
       [31mFailure/Error: let!(:book) { create(:book,title:'hoge',body:'body') }[0m
       [31m[0m
       [31mNoMethodError:[0m
       [31m  undefined method `introduction=' for an instance of User[0m
       [36m# ./spec/system/books_spec.rb:4:in `block (2 levels) in <main>'[0m

  187) 投稿のテスト 編集画面のテスト 表示の確認 Showリンクが表示される
       [31mFailure/Error: let!(:book) { create(:book,title:'hoge',body:'body') }[0m
       [31m[0m
       [31mNoMethodError:[0m
       [31m  undefined method `introduction=' for an instance of User[0m
       [36m# ./spec/system/books_spec.rb:4:in `block (2 levels) in <main>'[0m

  188) 投稿のテスト 編集画面のテスト 表示の確認 Backリンクが表示される
       [31mFailure/Error: let!(:book) { create(:book,title:'hoge',body:'body') }[0m
       [31m[0m
       [31mNoMethodError:[0m
       [31m  undefined method `introduction=' for an instance of User[0m
       [36m# ./spec/system/books_spec.rb:4:in `block (2 levels) in <main>'[0m

  189) 投稿のテスト 編集画面のテスト リンクの遷移先の確認 Showの遷移先は詳細画面か
       [31mFailure/Error: let!(:book) { create(:book,title:'hoge',body:'body') }[0m
       [31m[0m
       [31mNoMethodError:[0m
       [31m  undefined method `introduction=' for an instance of User[0m
       [36m# ./spec/system/books_spec.rb:4:in `block (2 levels) in <main>'[0m

  190) 投稿のテスト 編集画面のテスト リンクの遷移先の確認 Backの遷移先は一覧画面か
       [31mFailure/Error: let!(:book) { create(:book,title:'hoge',body:'body') }[0m
       [31m[0m
       [31mNoMethodError:[0m
       [31m  undefined method `introduction=' for an instance of User[0m
       [36m# ./spec/system/books_spec.rb:4:in `block (2 levels) in <main>'[0m

  191) 投稿のテスト 編集画面のテスト 更新処理に関するテスト 更新に成功しサクセスメッセージが表示されるか
       [31mFailure/Error: let!(:book) { create(:book,title:'hoge',body:'body') }[0m
       [31m[0m
       [31mNoMethodError:[0m
       [31m  undefined method `introduction=' for an instance of User[0m
       [36m# ./spec/system/books_spec.rb:4:in `block (2 levels) in <main>'[0m

  192) 投稿のテスト 編集画面のテスト 更新処理に関するテスト 更新に失敗しエラーメッセージが表示されるか
       [31mFailure/Error: let!(:book) { create(:book,title:'hoge',body:'body') }[0m
       [31m[0m
       [31mNoMethodError:[0m
       [31m  undefined method `introduction=' for an instance of User[0m
       [36m# ./spec/system/books_spec.rb:4:in `block (2 levels) in <main>'[0m

  193) 投稿のテスト 編集画面のテスト 更新処理に関するテスト 更新後のリダイレクト先は正しいか
       [31mFailure/Error: let!(:book) { create(:book,title:'hoge',body:'body') }[0m
       [31m[0m
       [31mNoMethodError:[0m
       [31m  undefined method `introduction=' for an instance of User[0m
       [36m# ./spec/system/books_spec.rb:4:in `block (2 levels) in <main>'[0m

Finished in 1.8 seconds (files took 1.56 seconds to load)
[31m224 examples, 193 failures[0m

Failed examples:

[31mrspec ./spec/controllers/users_controller_spec.rb:14[0m [36m# UsersController GET #edit ログインユーザーの場合 レスポンスが成功すること[0m
[31mrspec ./spec/controllers/users_controller_spec.rb:18[0m [36m# UsersController GET #edit ログインユーザーの場合 @userが正しく設定されていること[0m
[31mrspec ./spec/models/book_spec.rb:11[0m [36m# Bookモデルのテスト バリデーションのテスト titleカラム 空欄でないこと[0m
[31mrspec ./spec/models/book_spec.rb:18[0m [36m# Bookモデルのテスト バリデーションのテスト bodyカラム 空欄でないこと[0m
[31mrspec ./spec/models/book_spec.rb:22[0m [36m# Bookモデルのテスト バリデーションのテスト bodyカラム 200文字以下であること: 200文字は〇[0m
[31mrspec ./spec/models/book_spec.rb:26[0m [36m# Bookモデルのテスト バリデーションのテスト bodyカラム 200文字以下であること: 201文字は×[0m
[31mrspec ./spec/models/user_spec.rb:11[0m [36m# Userモデルのテスト バリデーションのテスト nameカラム 空欄でないこと[0m
[31mrspec ./spec/models/user_spec.rb:15[0m [36m# Userモデルのテスト バリデーションのテスト nameカラム 2文字以上であること: 1文字は×[0m
[31mrspec ./spec/models/user_spec.rb:19[0m [36m# Userモデルのテスト バリデーションのテスト nameカラム 2文字以上であること: 2文字は〇[0m
[31mrspec ./spec/models/user_spec.rb:23[0m [36m# Userモデルのテスト バリデーションのテスト nameカラム 20文字以下であること: 20文字は〇[0m
[31mrspec ./spec/models/user_spec.rb:27[0m [36m# Userモデルのテスト バリデーションのテスト nameカラム 20文字以下であること: 21文字は×[0m
[31mrspec ./spec/models/user_spec.rb:31[0m [36m# Userモデルのテスト バリデーションのテスト nameカラム 一意性があること[0m
[31mrspec ./spec/models/user_spec.rb:38[0m [36m# Userモデルのテスト バリデーションのテスト introductionカラム 50文字以下であること: 50文字は〇[0m
[31mrspec ./spec/models/user_spec.rb:42[0m [36m# Userモデルのテスト バリデーションのテスト introductionカラム 50文字以下であること: 51文字は×[0m
[31mrspec ./spec/system/01_before_login_spec.rb:89[0m [36m# [STEP1] ユーザログイン前のテスト ヘッダーのテスト: ログインしていない場合 リンクの内容を確認 Aboutを押すと、アバウト画面に遷移する[0m
[31mrspec ./spec/system/01_before_login_spec.rb:147[0m [36m# [STEP1] ユーザログイン前のテスト ユーザ新規登録のテスト 新規登録成功のテスト 正しく新規登録される[0m
[31mrspec ./spec/system/01_before_login_spec.rb:150[0m [36m# [STEP1] ユーザログイン前のテスト ユーザ新規登録のテスト 新規登録成功のテスト 新規登録後のリダイレクト先が、新規登録できたユーザの詳細画面になっている[0m
[31mrspec ./spec/system/01_before_login_spec.rb:192[0m [36m# [STEP1] ユーザログイン前のテスト ユーザログイン ログイン成功のテスト ログイン後のリダイレクト先が、ログインしたユーザの詳細画面になっている[0m
[31mrspec ./spec/system/01_before_login_spec.rb:221[0m [36m# [STEP1] ユーザログイン前のテスト ヘッダーのテスト: ログインしている場合 ヘッダーの表示を確認 Bookersリンクが表示される: 左上から1番目のリンクが「Bookers」である[0m
[31mrspec ./spec/system/01_before_login_spec.rb:225[0m [36m# [STEP1] ユーザログイン前のテスト ヘッダーのテスト: ログインしている場合 ヘッダーの表示を確認 Homeリンクが表示される: 左上から2番目のリンクが「Home」である[0m
[31mrspec ./spec/system/01_before_login_spec.rb:229[0m [36m# [STEP1] ユーザログイン前のテスト ヘッダーのテスト: ログインしている場合 ヘッダーの表示を確認 Usersリンクが表示される: 左上から3番目のリンクが「Users」である[0m
[31mrspec ./spec/system/01_before_login_spec.rb:233[0m [36m# [STEP1] ユーザログイン前のテスト ヘッダーのテスト: ログインしている場合 ヘッダーの表示を確認 Booksリンクが表示される: 左上から4番目のリンクが「Books」である[0m
[31mrspec ./spec/system/01_before_login_spec.rb:237[0m [36m# [STEP1] ユーザログイン前のテスト ヘッダーのテスト: ログインしている場合 ヘッダーの表示を確認 Log outリンクが表示される: 左上から5番目のリンクが「Log out」である[0m
[31mrspec ./spec/system/01_before_login_spec.rb:258[0m [36m# [STEP1] ユーザログイン前のテスト ユーザログアウトのテスト ログアウト機能のテスト 正しくログアウトできている: ログアウト後のリダイレクト先においてAbout画面へのリンクが存在する[0m
[31mrspec ./spec/system/01_before_login_spec.rb:261[0m [36m# [STEP1] ユーザログイン前のテスト ユーザログアウトのテスト ログアウト機能のテスト ログアウト後のリダイレクト先が、トップになっている[0m
[31mrspec ./spec/system/02_after_login_spec.rb:20[0m [36m# [STEP2] ユーザログイン後のテスト ヘッダーのテスト: ログインしている場合 リンクの内容を確認: ※logoutは『ユーザログアウトのテスト』でテスト済みになります。 Homeを押すと、自分のユーザ詳細画面に遷移する[0m
[31mrspec ./spec/system/02_after_login_spec.rb:26[0m [36m# [STEP2] ユーザログイン後のテスト ヘッダーのテスト: ログインしている場合 リンクの内容を確認: ※logoutは『ユーザログアウトのテスト』でテスト済みになります。 Usersを押すと、ユーザ一覧画面に遷移する[0m
[31mrspec ./spec/system/02_after_login_spec.rb:32[0m [36m# [STEP2] ユーザログイン後のテスト ヘッダーのテスト: ログインしている場合 リンクの内容を確認: ※logoutは『ユーザログアウトのテスト』でテスト済みになります。 Booksを押すと、投稿一覧画面に遷移する[0m
[31mrspec ./spec/system/02_after_login_spec.rb:47[0m [36m# [STEP2] ユーザログイン後のテスト 投稿一覧画面のテスト 表示内容の確認 URLが正しい[0m
[31mrspec ./spec/system/02_after_login_spec.rb:50[0m [36m# [STEP2] ユーザログイン後のテスト 投稿一覧画面のテスト 表示内容の確認 自分と他人の画像のリンク先が正しい[0m
[31mrspec ./spec/system/02_after_login_spec.rb:54[0m [36m# [STEP2] ユーザログイン後のテスト 投稿一覧画面のテスト 表示内容の確認 自分の投稿と他人の投稿のタイトルのリンク先がそれぞれ正しい[0m
[31mrspec ./spec/system/02_after_login_spec.rb:58[0m [36m# [STEP2] ユーザログイン後のテスト 投稿一覧画面のテスト 表示内容の確認 自分の投稿と他人の投稿のオピニオンが表示される[0m
[31mrspec ./spec/system/02_after_login_spec.rb:65[0m [36m# [STEP2] ユーザログイン後のテスト 投稿一覧画面のテスト サイドバーの確認 自分の名前と紹介文が表示される[0m
[31mrspec ./spec/system/02_after_login_spec.rb:69[0m [36m# [STEP2] ユーザログイン後のテスト 投稿一覧画面のテスト サイドバーの確認 自分のユーザ編集画面へのリンクが存在する[0m
[31mrspec ./spec/system/02_after_login_spec.rb:72[0m [36m# [STEP2] ユーザログイン後のテスト 投稿一覧画面のテスト サイドバーの確認 「New book」と表示される[0m
[31mrspec ./spec/system/02_after_login_spec.rb:75[0m [36m# [STEP2] ユーザログイン後のテスト 投稿一覧画面のテスト サイドバーの確認 titleフォームが表示される[0m
[31mrspec ./spec/system/02_after_login_spec.rb:78[0m [36m# [STEP2] ユーザログイン後のテスト 投稿一覧画面のテスト サイドバーの確認 titleフォームに値が入っていない[0m
[31mrspec ./spec/system/02_after_login_spec.rb:81[0m [36m# [STEP2] ユーザログイン後のテスト 投稿一覧画面のテスト サイドバーの確認 bodyフォームが表示される[0m
[31mrspec ./spec/system/02_after_login_spec.rb:84[0m [36m# [STEP2] ユーザログイン後のテスト 投稿一覧画面のテスト サイドバーの確認 bodyフォームに値が入っていない[0m
[31mrspec ./spec/system/02_after_login_spec.rb:87[0m [36m# [STEP2] ユーザログイン後のテスト 投稿一覧画面のテスト サイドバーの確認 Create Bookボタンが表示される[0m
[31mrspec ./spec/system/02_after_login_spec.rb:98[0m [36m# [STEP2] ユーザログイン後のテスト 投稿一覧画面のテスト 投稿成功のテスト 自分の新しい投稿が正しく保存される[0m
[31mrspec ./spec/system/02_after_login_spec.rb:101[0m [36m# [STEP2] ユーザログイン後のテスト 投稿一覧画面のテスト 投稿成功のテスト リダイレクト先が、保存できた投稿の詳細画面になっている[0m
[31mrspec ./spec/system/02_after_login_spec.rb:114[0m [36m# [STEP2] ユーザログイン後のテスト 自分の投稿詳細画面のテスト 表示内容の確認 URLが正しい[0m
[31mrspec ./spec/system/02_after_login_spec.rb:117[0m [36m# [STEP2] ユーザログイン後のテスト 自分の投稿詳細画面のテスト 表示内容の確認 「Book detail」と表示される[0m
[31mrspec ./spec/system/02_after_login_spec.rb:120[0m [36m# [STEP2] ユーザログイン後のテスト 自分の投稿詳細画面のテスト 表示内容の確認 ユーザ画像・名前のリンク先が正しい[0m
[31mrspec ./spec/system/02_after_login_spec.rb:123[0m [36m# [STEP2] ユーザログイン後のテスト 自分の投稿詳細画面のテスト 表示内容の確認 投稿のtitleが表示される[0m
[31mrspec ./spec/system/02_after_login_spec.rb:126[0m [36m# [STEP2] ユーザログイン後のテスト 自分の投稿詳細画面のテスト 表示内容の確認 投稿のbodyが表示される[0m
[31mrspec ./spec/system/02_after_login_spec.rb:129[0m [36m# [STEP2] ユーザログイン後のテスト 自分の投稿詳細画面のテスト 表示内容の確認 投稿の編集リンクが表示される[0m
[31mrspec ./spec/system/02_after_login_spec.rb:132[0m [36m# [STEP2] ユーザログイン後のテスト 自分の投稿詳細画面のテスト 表示内容の確認 投稿の削除リンクが表示される[0m
[31mrspec ./spec/system/02_after_login_spec.rb:138[0m [36m# [STEP2] ユーザログイン後のテスト 自分の投稿詳細画面のテスト サイドバーの確認 自分の名前と紹介文が表示される[0m
[31mrspec ./spec/system/02_after_login_spec.rb:142[0m [36m# [STEP2] ユーザログイン後のテスト 自分の投稿詳細画面のテスト サイドバーの確認 自分のユーザ編集画面へのリンクが存在する[0m
[31mrspec ./spec/system/02_after_login_spec.rb:145[0m [36m# [STEP2] ユーザログイン後のテスト 自分の投稿詳細画面のテスト サイドバーの確認 「New book」と表示される[0m
[31mrspec ./spec/system/02_after_login_spec.rb:148[0m [36m# [STEP2] ユーザログイン後のテスト 自分の投稿詳細画面のテスト サイドバーの確認 titleフォームが表示される[0m
[31mrspec ./spec/system/02_after_login_spec.rb:151[0m [36m# [STEP2] ユーザログイン後のテスト 自分の投稿詳細画面のテスト サイドバーの確認 titleフォームに値が入っていない[0m
[31mrspec ./spec/system/02_after_login_spec.rb:154[0m [36m# [STEP2] ユーザログイン後のテスト 自分の投稿詳細画面のテスト サイドバーの確認 bodyフォームが表示される[0m
[31mrspec ./spec/system/02_after_login_spec.rb:157[0m [36m# [STEP2] ユーザログイン後のテスト 自分の投稿詳細画面のテスト サイドバーの確認 bodyフォームに値が入っていない[0m
[31mrspec ./spec/system/02_after_login_spec.rb:160[0m [36m# [STEP2] ユーザログイン後のテスト 自分の投稿詳細画面のテスト サイドバーの確認 Create Bookボタンが表示される[0m
[31mrspec ./spec/system/02_after_login_spec.rb:171[0m [36m# [STEP2] ユーザログイン後のテスト 自分の投稿詳細画面のテスト 投稿成功のテスト 自分の新しい投稿が正しく保存される[0m
[31mrspec ./spec/system/02_after_login_spec.rb:180[0m [36m# [STEP2] ユーザログイン後のテスト 自分の投稿詳細画面のテスト 編集リンクのテスト 編集画面に遷移する[0m
[31mrspec ./spec/system/02_after_login_spec.rb:189[0m [36m# [STEP2] ユーザログイン後のテスト 自分の投稿詳細画面のテスト 削除リンクのテスト application.html.erbにjavascript_pack_tagを含んでいる[0m
[31mrspec ./spec/system/02_after_login_spec.rb:203[0m [36m# [STEP2] ユーザログイン後のテスト 自分の投稿詳細画面のテスト 削除リンクのテスト 正しく削除される[0m
[31mrspec ./spec/system/02_after_login_spec.rb:206[0m [36m# [STEP2] ユーザログイン後のテスト 自分の投稿詳細画面のテスト 削除リンクのテスト リダイレクト先が、投稿一覧画面になっている[0m
[31mrspec ./spec/system/02_after_login_spec.rb:218[0m [36m# [STEP2] ユーザログイン後のテスト 自分の投稿編集画面のテスト 表示の確認 URLが正しい[0m
[31mrspec ./spec/system/02_after_login_spec.rb:221[0m [36m# [STEP2] ユーザログイン後のテスト 自分の投稿編集画面のテスト 表示の確認 「Editing Book」と表示される[0m
[31mrspec ./spec/system/02_after_login_spec.rb:224[0m [36m# [STEP2] ユーザログイン後のテスト 自分の投稿編集画面のテスト 表示の確認 title編集フォームが表示される[0m
[31mrspec ./spec/system/02_after_login_spec.rb:227[0m [36m# [STEP2] ユーザログイン後のテスト 自分の投稿編集画面のテスト 表示の確認 body編集フォームが表示される[0m
[31mrspec ./spec/system/02_after_login_spec.rb:230[0m [36m# [STEP2] ユーザログイン後のテスト 自分の投稿編集画面のテスト 表示の確認 Update Bookボタンが表示される[0m
[31mrspec ./spec/system/02_after_login_spec.rb:233[0m [36m# [STEP2] ユーザログイン後のテスト 自分の投稿編集画面のテスト 表示の確認 Showリンクが表示される[0m
[31mrspec ./spec/system/02_after_login_spec.rb:236[0m [36m# [STEP2] ユーザログイン後のテスト 自分の投稿編集画面のテスト 表示の確認 Backリンクが表示される[0m
[31mrspec ./spec/system/02_after_login_spec.rb:250[0m [36m# [STEP2] ユーザログイン後のテスト 自分の投稿編集画面のテスト 編集成功のテスト titleが正しく更新される[0m
[31mrspec ./spec/system/02_after_login_spec.rb:253[0m [36m# [STEP2] ユーザログイン後のテスト 自分の投稿編集画面のテスト 編集成功のテスト bodyが正しく更新される[0m
[31mrspec ./spec/system/02_after_login_spec.rb:256[0m [36m# [STEP2] ユーザログイン後のテスト 自分の投稿編集画面のテスト 編集成功のテスト リダイレクト先が、更新した投稿の詳細画面になっている[0m
[31mrspec ./spec/system/02_after_login_spec.rb:269[0m [36m# [STEP2] ユーザログイン後のテスト ユーザ一覧画面のテスト 表示内容の確認 URLが正しい[0m
[31mrspec ./spec/system/02_after_login_spec.rb:272[0m [36m# [STEP2] ユーザログイン後のテスト ユーザ一覧画面のテスト 表示内容の確認 自分と他人の画像が表示される: fallbackの画像がサイドバーの1つ＋一覧(2人)の2つの計3つ存在する[0m
[31mrspec ./spec/system/02_after_login_spec.rb:275[0m [36m# [STEP2] ユーザログイン後のテスト ユーザ一覧画面のテスト 表示内容の確認 自分と他人の名前がそれぞれ表示される[0m
[31mrspec ./spec/system/02_after_login_spec.rb:279[0m [36m# [STEP2] ユーザログイン後のテスト ユーザ一覧画面のテスト 表示内容の確認 自分と他人のshowリンクがそれぞれ表示される[0m
[31mrspec ./spec/system/02_after_login_spec.rb:286[0m [36m# [STEP2] ユーザログイン後のテスト ユーザ一覧画面のテスト サイドバーの確認 自分の名前と紹介文が表示される[0m
[31mrspec ./spec/system/02_after_login_spec.rb:290[0m [36m# [STEP2] ユーザログイン後のテスト ユーザ一覧画面のテスト サイドバーの確認 自分のユーザ編集画面へのリンクが存在する[0m
[31mrspec ./spec/system/02_after_login_spec.rb:293[0m [36m# [STEP2] ユーザログイン後のテスト ユーザ一覧画面のテスト サイドバーの確認 「New book」と表示される[0m
[31mrspec ./spec/system/02_after_login_spec.rb:296[0m [36m# [STEP2] ユーザログイン後のテスト ユーザ一覧画面のテスト サイドバーの確認 titleフォームが表示される[0m
[31mrspec ./spec/system/02_after_login_spec.rb:299[0m [36m# [STEP2] ユーザログイン後のテスト ユーザ一覧画面のテスト サイドバーの確認 titleフォームに値が入っていない[0m
[31mrspec ./spec/system/02_after_login_spec.rb:302[0m [36m# [STEP2] ユーザログイン後のテスト ユーザ一覧画面のテスト サイドバーの確認 bodyフォームが表示される[0m
[31mrspec ./spec/system/02_after_login_spec.rb:305[0m [36m# [STEP2] ユーザログイン後のテスト ユーザ一覧画面のテスト サイドバーの確認 bodyフォームに値が入っていない[0m
[31mrspec ./spec/system/02_after_login_spec.rb:308[0m [36m# [STEP2] ユーザログイン後のテスト ユーザ一覧画面のテスト サイドバーの確認 Create Bookボタンが表示される[0m
[31mrspec ./spec/system/02_after_login_spec.rb:320[0m [36m# [STEP2] ユーザログイン後のテスト 自分のユーザ詳細画面のテスト 表示の確認 URLが正しい[0m
[31mrspec ./spec/system/02_after_login_spec.rb:323[0m [36m# [STEP2] ユーザログイン後のテスト 自分のユーザ詳細画面のテスト 表示の確認 投稿一覧のユーザ画像のリンク先が正しい[0m
[31mrspec ./spec/system/02_after_login_spec.rb:326[0m [36m# [STEP2] ユーザログイン後のテスト 自分のユーザ詳細画面のテスト 表示の確認 投稿一覧に自分の投稿のtitleが表示され、リンクが正しい[0m
[31mrspec ./spec/system/02_after_login_spec.rb:329[0m [36m# [STEP2] ユーザログイン後のテスト 自分のユーザ詳細画面のテスト 表示の確認 投稿一覧に自分の投稿のbodyが表示される[0m
[31mrspec ./spec/system/02_after_login_spec.rb:332[0m [36m# [STEP2] ユーザログイン後のテスト 自分のユーザ詳細画面のテスト 表示の確認 他人の投稿は表示されない[0m
[31mrspec ./spec/system/02_after_login_spec.rb:340[0m [36m# [STEP2] ユーザログイン後のテスト 自分のユーザ詳細画面のテスト サイドバーの確認 自分の名前と紹介文が表示される[0m
[31mrspec ./spec/system/02_after_login_spec.rb:344[0m [36m# [STEP2] ユーザログイン後のテスト 自分のユーザ詳細画面のテスト サイドバーの確認 自分のユーザ編集画面へのリンクが存在する[0m
[31mrspec ./spec/system/02_after_login_spec.rb:347[0m [36m# [STEP2] ユーザログイン後のテスト 自分のユーザ詳細画面のテスト サイドバーの確認 「New book」と表示される[0m
[31mrspec ./spec/system/02_after_login_spec.rb:350[0m [36m# [STEP2] ユーザログイン後のテスト 自分のユーザ詳細画面のテスト サイドバーの確認 titleフォームが表示される[0m
[31mrspec ./spec/system/02_after_login_spec.rb:353[0m [36m# [STEP2] ユーザログイン後のテスト 自分のユーザ詳細画面のテスト サイドバーの確認 titleフォームに値が入っていない[0m
[31mrspec ./spec/system/02_after_login_spec.rb:356[0m [36m# [STEP2] ユーザログイン後のテスト 自分のユーザ詳細画面のテスト サイドバーの確認 bodyフォームが表示される[0m
[31mrspec ./spec/system/02_after_login_spec.rb:359[0m [36m# [STEP2] ユーザログイン後のテスト 自分のユーザ詳細画面のテスト サイドバーの確認 bodyフォームに値が入っていない[0m
[31mrspec ./spec/system/02_after_login_spec.rb:362[0m [36m# [STEP2] ユーザログイン後のテスト 自分のユーザ詳細画面のテスト サイドバーの確認 Create Bookボタンが表示される[0m
[31mrspec ./spec/system/02_after_login_spec.rb:374[0m [36m# [STEP2] ユーザログイン後のテスト 自分のユーザ情報編集画面のテスト 表示の確認 URLが正しい[0m
[31mrspec ./spec/system/02_after_login_spec.rb:377[0m [36m# [STEP2] ユーザログイン後のテスト 自分のユーザ情報編集画面のテスト 表示の確認 名前編集フォームに自分の名前が表示される[0m
[31mrspec ./spec/system/02_after_login_spec.rb:380[0m [36m# [STEP2] ユーザログイン後のテスト 自分のユーザ情報編集画面のテスト 表示の確認 画像編集フォームが表示される[0m
[31mrspec ./spec/system/02_after_login_spec.rb:383[0m [36m# [STEP2] ユーザログイン後のテスト 自分のユーザ情報編集画面のテスト 表示の確認 自己紹介編集フォームに自分の自己紹介文が表示される[0m
[31mrspec ./spec/system/02_after_login_spec.rb:386[0m [36m# [STEP2] ユーザログイン後のテスト 自分のユーザ情報編集画面のテスト 表示の確認 Update Userボタンが表示される[0m
[31mrspec ./spec/system/02_after_login_spec.rb:402[0m [36m# [STEP2] ユーザログイン後のテスト 自分のユーザ情報編集画面のテスト 更新成功のテスト nameが正しく更新される[0m
[31mrspec ./spec/system/02_after_login_spec.rb:405[0m [36m# [STEP2] ユーザログイン後のテスト 自分のユーザ情報編集画面のテスト 更新成功のテスト introductionが正しく更新される[0m
[31mrspec ./spec/system/02_after_login_spec.rb:408[0m [36m# [STEP2] ユーザログイン後のテスト 自分のユーザ情報編集画面のテスト 更新成功のテスト リダイレクト先が、自分のユーザ詳細画面になっている[0m
[31mrspec ./spec/system/03_finishing_touches_spec.rb:12[0m [36m# [STEP3] 仕上げのテスト サクセスメッセージのテスト ユーザ新規登録成功時[0m
[31mrspec ./spec/system/03_finishing_touches_spec.rb:21[0m [36m# [STEP3] 仕上げのテスト サクセスメッセージのテスト ユーザログイン成功時[0m
[31mrspec ./spec/system/03_finishing_touches_spec.rb:28[0m [36m# [STEP3] 仕上げのテスト サクセスメッセージのテスト ユーザログアウト成功時[0m
[31mrspec ./spec/system/03_finishing_touches_spec.rb:38[0m [36m# [STEP3] 仕上げのテスト サクセスメッセージのテスト ユーザのプロフィール情報更新成功時[0m
[31mrspec ./spec/system/03_finishing_touches_spec.rb:47[0m [36m# [STEP3] 仕上げのテスト サクセスメッセージのテスト 投稿データの新規投稿成功時: 投稿一覧画面から行います。[0m
[31mrspec ./spec/system/03_finishing_touches_spec.rb:58[0m [36m# [STEP3] 仕上げのテスト サクセスメッセージのテスト 投稿データの更新成功時[0m
[31mrspec ./spec/system/03_finishing_touches_spec.rb:81[0m [36m# [STEP3] 仕上げのテスト 処理失敗時のテスト ユーザ新規登録失敗: nameを1文字にする 新規登録されない[0m
[31mrspec ./spec/system/03_finishing_touches_spec.rb:84[0m [36m# [STEP3] 仕上げのテスト 処理失敗時のテスト ユーザ新規登録失敗: nameを1文字にする 新規登録画面を表示しており、フォームの内容が正しい[0m
[31mrspec ./spec/system/03_finishing_touches_spec.rb:90[0m [36m# [STEP3] 仕上げのテスト 処理失敗時のテスト ユーザ新規登録失敗: nameを1文字にする バリデーションエラーが表示される[0m
[31mrspec ./spec/system/03_finishing_touches_spec.rb:109[0m [36m# [STEP3] 仕上げのテスト 処理失敗時のテスト ユーザのプロフィール情報編集失敗: nameを1文字にする 更新されない[0m
[31mrspec ./spec/system/03_finishing_touches_spec.rb:112[0m [36m# [STEP3] 仕上げのテスト 処理失敗時のテスト ユーザのプロフィール情報編集失敗: nameを1文字にする ユーザ編集画面を表示しており、フォームの内容が正しい[0m
[31mrspec ./spec/system/03_finishing_touches_spec.rb:115[0m [36m# [STEP3] 仕上げのテスト 処理失敗時のテスト ユーザのプロフィール情報編集失敗: nameを1文字にする バリデーションエラーが表示される[0m
[31mrspec ./spec/system/03_finishing_touches_spec.rb:131[0m [36m# [STEP3] 仕上げのテスト 処理失敗時のテスト 投稿データの新規投稿失敗: 投稿一覧画面から行い、titleを空にする 投稿が保存されない[0m
[31mrspec ./spec/system/03_finishing_touches_spec.rb:134[0m [36m# [STEP3] 仕上げのテスト 処理失敗時のテスト 投稿データの新規投稿失敗: 投稿一覧画面から行い、titleを空にする 投稿一覧画面を表示している[0m
[31mrspec ./spec/system/03_finishing_touches_spec.rb:140[0m [36m# [STEP3] 仕上げのテスト 処理失敗時のテスト 投稿データの新規投稿失敗: 投稿一覧画面から行い、titleを空にする 新規投稿フォームの内容が正しい[0m
[31mrspec ./spec/system/03_finishing_touches_spec.rb:144[0m [36m# [STEP3] 仕上げのテスト 処理失敗時のテスト 投稿データの新規投稿失敗: 投稿一覧画面から行い、titleを空にする バリデーションエラーが表示される[0m
[31mrspec ./spec/system/03_finishing_touches_spec.rb:162[0m [36m# [STEP3] 仕上げのテスト 処理失敗時のテスト 投稿データの更新失敗: titleを空にする 投稿が更新されない[0m
[31mrspec ./spec/system/03_finishing_touches_spec.rb:165[0m [36m# [STEP3] 仕上げのテスト 処理失敗時のテスト 投稿データの更新失敗: titleを空にする 投稿編集画面を表示しており、フォームの内容が正しい[0m
[31mrspec ./spec/system/03_finishing_touches_spec.rb:170[0m [36m# [STEP3] 仕上げのテスト 処理失敗時のテスト 投稿データの更新失敗: titleを空にする エラーメッセージが表示される[0m
[31mrspec ./spec/system/03_finishing_touches_spec.rb:179[0m [36m# [STEP3] 仕上げのテスト ログインしていない場合のアクセス制限のテスト: アクセスできず、ログイン画面に遷移する ユーザ一覧画面[0m
[31mrspec ./spec/system/03_finishing_touches_spec.rb:183[0m [36m# [STEP3] 仕上げのテスト ログインしていない場合のアクセス制限のテスト: アクセスできず、ログイン画面に遷移する ユーザ詳細画面[0m
[31mrspec ./spec/system/03_finishing_touches_spec.rb:187[0m [36m# [STEP3] 仕上げのテスト ログインしていない場合のアクセス制限のテスト: アクセスできず、ログイン画面に遷移する ユーザ情報編集画面[0m
[31mrspec ./spec/system/03_finishing_touches_spec.rb:191[0m [36m# [STEP3] 仕上げのテスト ログインしていない場合のアクセス制限のテスト: アクセスできず、ログイン画面に遷移する 投稿一覧画面[0m
[31mrspec ./spec/system/03_finishing_touches_spec.rb:195[0m [36m# [STEP3] 仕上げのテスト ログインしていない場合のアクセス制限のテスト: アクセスできず、ログイン画面に遷移する 投稿詳細画面[0m
[31mrspec ./spec/system/03_finishing_touches_spec.rb:199[0m [36m# [STEP3] 仕上げのテスト ログインしていない場合のアクセス制限のテスト: アクセスできず、ログイン画面に遷移する 投稿編集画面[0m
[31mrspec ./spec/system/03_finishing_touches_spec.rb:219[0m [36m# [STEP3] 仕上げのテスト 他人の画面のテスト 他人の投稿詳細画面のテスト 表示内容の確認 URLが正しい[0m
[31mrspec ./spec/system/03_finishing_touches_spec.rb:222[0m [36m# [STEP3] 仕上げのテスト 他人の画面のテスト 他人の投稿詳細画面のテスト 表示内容の確認 「Book detail」と表示される[0m
[31mrspec ./spec/system/03_finishing_touches_spec.rb:225[0m [36m# [STEP3] 仕上げのテスト 他人の画面のテスト 他人の投稿詳細画面のテスト 表示内容の確認 ユーザ画像・名前のリンク先が正しい[0m
[31mrspec ./spec/system/03_finishing_touches_spec.rb:228[0m [36m# [STEP3] 仕上げのテスト 他人の画面のテスト 他人の投稿詳細画面のテスト 表示内容の確認 投稿のtitleが表示される[0m
[31mrspec ./spec/system/03_finishing_touches_spec.rb:231[0m [36m# [STEP3] 仕上げのテスト 他人の画面のテスト 他人の投稿詳細画面のテスト 表示内容の確認 投稿のopinionが表示される[0m
[31mrspec ./spec/system/03_finishing_touches_spec.rb:234[0m [36m# [STEP3] 仕上げのテスト 他人の画面のテスト 他人の投稿詳細画面のテスト 表示内容の確認 投稿の編集リンクが表示されない[0m
[31mrspec ./spec/system/03_finishing_touches_spec.rb:237[0m [36m# [STEP3] 仕上げのテスト 他人の画面のテスト 他人の投稿詳細画面のテスト 表示内容の確認 投稿の削除リンクが表示されない[0m
[31mrspec ./spec/system/03_finishing_touches_spec.rb:243[0m [36m# [STEP3] 仕上げのテスト 他人の画面のテスト 他人の投稿詳細画面のテスト サイドバーの確認 他人の名前と紹介文が表示される[0m
[31mrspec ./spec/system/03_finishing_touches_spec.rb:247[0m [36m# [STEP3] 仕上げのテスト 他人の画面のテスト 他人の投稿詳細画面のテスト サイドバーの確認 他人のユーザ編集画面へのリンクが存在する[0m
[31mrspec ./spec/system/03_finishing_touches_spec.rb:250[0m [36m# [STEP3] 仕上げのテスト 他人の画面のテスト 他人の投稿詳細画面のテスト サイドバーの確認 自分の名前と紹介文は表示されない[0m
[31mrspec ./spec/system/03_finishing_touches_spec.rb:254[0m [36m# [STEP3] 仕上げのテスト 他人の画面のテスト 他人の投稿詳細画面のテスト サイドバーの確認 自分のユーザ編集画面へのリンクは存在しない[0m
[31mrspec ./spec/system/03_finishing_touches_spec.rb:265[0m [36m# [STEP3] 仕上げのテスト 他人の画面のテスト 他人の投稿編集画面 遷移できず、投稿一覧画面にリダイレクトされる[0m
[31mrspec ./spec/system/03_finishing_touches_spec.rb:278[0m [36m# [STEP3] 仕上げのテスト 他人の画面のテスト 他人のユーザ詳細画面のテスト 表示の確認 URLが正しい[0m
[31mrspec ./spec/system/03_finishing_touches_spec.rb:281[0m [36m# [STEP3] 仕上げのテスト 他人の画面のテスト 他人のユーザ詳細画面のテスト 表示の確認 投稿一覧のユーザ画像のリンク先が正しい[0m
[31mrspec ./spec/system/03_finishing_touches_spec.rb:284[0m [36m# [STEP3] 仕上げのテスト 他人の画面のテスト 他人のユーザ詳細画面のテスト 表示の確認 投稿一覧に他人の投稿のtitleが表示され、リンクが正しい[0m
[31mrspec ./spec/system/03_finishing_touches_spec.rb:287[0m [36m# [STEP3] 仕上げのテスト 他人の画面のテスト 他人のユーザ詳細画面のテスト 表示の確認 投稿一覧に他人の投稿のopinionが表示される[0m
[31mrspec ./spec/system/03_finishing_touches_spec.rb:290[0m [36m# [STEP3] 仕上げのテスト 他人の画面のテスト 他人のユーザ詳細画面のテスト 表示の確認 自分の投稿は表示されない[0m
[31mrspec ./spec/system/03_finishing_touches_spec.rb:297[0m [36m# [STEP3] 仕上げのテスト 他人の画面のテスト 他人のユーザ詳細画面のテスト サイドバーの確認 他人の名前と紹介文が表示される[0m
[31mrspec ./spec/system/03_finishing_touches_spec.rb:301[0m [36m# [STEP3] 仕上げのテスト 他人の画面のテスト 他人のユーザ詳細画面のテスト サイドバーの確認 他人のユーザ編集画面へのリンクが存在する[0m
[31mrspec ./spec/system/03_finishing_touches_spec.rb:304[0m [36m# [STEP3] 仕上げのテスト 他人の画面のテスト 他人のユーザ詳細画面のテスト サイドバーの確認 自分の名前と紹介文は表示されない[0m
[31mrspec ./spec/system/03_finishing_touches_spec.rb:308[0m [36m# [STEP3] 仕上げのテスト 他人の画面のテスト 他人のユーザ詳細画面のテスト サイドバーの確認 自分のユーザ編集画面へのリンクは存在しない[0m
[31mrspec ./spec/system/03_finishing_touches_spec.rb:315[0m [36m# [STEP3] 仕上げのテスト 他人の画面のテスト 他人のユーザ情報編集画面 遷移できず、自分のユーザ詳細画面にリダイレクトされる[0m
[31mrspec ./spec/system/03_finishing_touches_spec.rb:332[0m [36m# [STEP3] 仕上げのテスト グリッドシステムのテスト: container, row, col-md-〇を正しく使えている ユーザ一覧画面[0m
[31mrspec ./spec/system/03_finishing_touches_spec.rb:337[0m [36m# [STEP3] 仕上げのテスト グリッドシステムのテスト: container, row, col-md-〇を正しく使えている ユーザ詳細画面[0m
[31mrspec ./spec/system/03_finishing_touches_spec.rb:342[0m [36m# [STEP3] 仕上げのテスト グリッドシステムのテスト: container, row, col-md-〇を正しく使えている 投稿一覧画面[0m
[31mrspec ./spec/system/03_finishing_touches_spec.rb:347[0m [36m# [STEP3] 仕上げのテスト グリッドシステムのテスト: container, row, col-md-〇を正しく使えている 投稿詳細画面[0m
[31mrspec ./spec/system/03_finishing_touches_spec.rb:362[0m [36m# [STEP3] 仕上げのテスト アイコンのテスト トップ画面 本のアイコンが表示される[0m
[31mrspec ./spec/system/03_finishing_touches_spec.rb:374[0m [36m# [STEP3] 仕上げのテスト アイコンのテスト アバウト画面 本のアイコンが表示される[0m
[31mrspec ./spec/system/03_finishing_touches_spec.rb:386[0m [36m# [STEP3] 仕上げのテスト アイコンのテスト ヘッダー: ログインしていない場合 Homeリンクのアイコンが表示される[0m
[31mrspec ./spec/system/03_finishing_touches_spec.rb:389[0m [36m# [STEP3] 仕上げのテスト アイコンのテスト ヘッダー: ログインしていない場合 Aboutリンクのアイコンが表示される[0m
[31mrspec ./spec/system/03_finishing_touches_spec.rb:392[0m [36m# [STEP3] 仕上げのテスト アイコンのテスト ヘッダー: ログインしていない場合 Sign upリンクのアイコンが表示される[0m
[31mrspec ./spec/system/03_finishing_touches_spec.rb:395[0m [36m# [STEP3] 仕上げのテスト アイコンのテスト ヘッダー: ログインしていない場合 Log inリンクのアイコンが表示される[0m
[31mrspec ./spec/system/03_finishing_touches_spec.rb:410[0m [36m# [STEP3] 仕上げのテスト アイコンのテスト ヘッダー: ログインしている場合 Homeリンクのアイコンが表示される[0m
[31mrspec ./spec/system/03_finishing_touches_spec.rb:413[0m [36m# [STEP3] 仕上げのテスト アイコンのテスト ヘッダー: ログインしている場合 Usersリンクのアイコンが表示される[0m
[31mrspec ./spec/system/03_finishing_touches_spec.rb:416[0m [36m# [STEP3] 仕上げのテスト アイコンのテスト ヘッダー: ログインしている場合 Booksリンクのアイコンが表示される[0m
[31mrspec ./spec/system/03_finishing_touches_spec.rb:419[0m [36m# [STEP3] 仕上げのテスト アイコンのテスト ヘッダー: ログインしている場合 Log outリンクのアイコンが表示される[0m
[31mrspec ./spec/system/03_finishing_touches_spec.rb:434[0m [36m# [STEP3] 仕上げのテスト アイコンのテスト サイドバー ユーザ一覧画面でレンチアイコンが表示される[0m
[31mrspec ./spec/system/03_finishing_touches_spec.rb:438[0m [36m# [STEP3] 仕上げのテスト アイコンのテスト サイドバー ユーザ詳細画面でレンチアイコンが表示される[0m
[31mrspec ./spec/system/03_finishing_touches_spec.rb:442[0m [36m# [STEP3] 仕上げのテスト アイコンのテスト サイドバー 投稿一覧画面でレンチアイコンが表示される[0m
[31mrspec ./spec/system/03_finishing_touches_spec.rb:446[0m [36m# [STEP3] 仕上げのテスト アイコンのテスト サイドバー 投稿詳細画面でレンチアイコンが表示される[0m
[31mrspec ./spec/system/books_spec.rb:10[0m [36m# 投稿のテスト トップ画面(root_path)のテスト 表示の確認 トップ画面(root_path)に一覧ページへのリンクが表示されているか[0m
[31mrspec ./spec/system/books_spec.rb:13[0m [36m# 投稿のテスト トップ画面(root_path)のテスト 表示の確認 root_pathが"/"であるか[0m
[31mrspec ./spec/system/books_spec.rb:23[0m [36m# 投稿のテスト 一覧画面のテスト 一覧の表示とリンクの確認 bookの一覧表示(tableタグ)と投稿フォームが同一画面に表示されているか[0m
[31mrspec ./spec/system/books_spec.rb:28[0m [36m# 投稿のテスト 一覧画面のテスト 一覧の表示とリンクの確認 bookのタイトルと感想を表示し、詳細・編集・削除のリンクが表示されているか[0m
[31mrspec ./spec/system/books_spec.rb:51[0m [36m# 投稿のテスト 一覧画面のテスト 一覧の表示とリンクの確認 Create Bookボタンが表示される[0m
[31mrspec ./spec/system/books_spec.rb:56[0m [36m# 投稿のテスト 一覧画面のテスト 投稿処理に関するテスト 投稿に成功しサクセスメッセージが表示されるか[0m
[31mrspec ./spec/system/books_spec.rb:62[0m [36m# 投稿のテスト 一覧画面のテスト 投稿処理に関するテスト 投稿に失敗する[0m
[31mrspec ./spec/system/books_spec.rb:67[0m [36m# 投稿のテスト 一覧画面のテスト 投稿処理に関するテスト 投稿後のリダイレクト先は正しいか[0m
[31mrspec ./spec/system/books_spec.rb:75[0m [36m# 投稿のテスト 一覧画面のテスト book削除のテスト bookの削除[0m
[31mrspec ./spec/system/books_spec.rb:86[0m [36m# 投稿のテスト 詳細画面のテスト 表示の確認 本のタイトルと感想が画面に表示されていること[0m
[31mrspec ./spec/system/books_spec.rb:90[0m [36m# 投稿のテスト 詳細画面のテスト 表示の確認 Editリンクが表示される[0m
[31mrspec ./spec/system/books_spec.rb:94[0m [36m# 投稿のテスト 詳細画面のテスト 表示の確認 Backリンクが表示される[0m
[31mrspec ./spec/system/books_spec.rb:100[0m [36m# 投稿のテスト 詳細画面のテスト リンクの遷移先の確認 Editの遷移先は編集画面か[0m
[31mrspec ./spec/system/books_spec.rb:105[0m [36m# 投稿のテスト 詳細画面のテスト リンクの遷移先の確認 Backの遷移先は一覧画面か[0m
[31mrspec ./spec/system/books_spec.rb:117[0m [36m# 投稿のテスト 編集画面のテスト 表示の確認 編集前のタイトルと感想がフォームに表示(セット)されている[0m
[31mrspec ./spec/system/books_spec.rb:121[0m [36m# 投稿のテスト 編集画面のテスト 表示の確認 Update Bookボタンが表示される[0m
[31mrspec ./spec/system/books_spec.rb:124[0m [36m# 投稿のテスト 編集画面のテスト 表示の確認 Showリンクが表示される[0m
[31mrspec ./spec/system/books_spec.rb:128[0m [36m# 投稿のテスト 編集画面のテスト 表示の確認 Backリンクが表示される[0m
[31mrspec ./spec/system/books_spec.rb:134[0m [36m# 投稿のテスト 編集画面のテスト リンクの遷移先の確認 Showの遷移先は詳細画面か[0m
[31mrspec ./spec/system/books_spec.rb:139[0m [36m# 投稿のテスト 編集画面のテスト リンクの遷移先の確認 Backの遷移先は一覧画面か[0m
[31mrspec ./spec/system/books_spec.rb:146[0m [36m# 投稿のテスト 編集画面のテスト 更新処理に関するテスト 更新に成功しサクセスメッセージが表示されるか[0m
[31mrspec ./spec/system/books_spec.rb:152[0m [36m# 投稿のテスト 編集画面のテスト 更新処理に関するテスト 更新に失敗しエラーメッセージが表示されるか[0m
[31mrspec ./spec/system/books_spec.rb:158[0m [36m# 投稿のテスト 編集画面のテスト 更新処理に関するテスト 更新後のリダイレクト先は正しいか[0m

